"filename", "language", "JSON", "JSON with Comments", "TypeScript JSX", "TypeScript", "YAML", "Markdown", "Lua", "comment", "blank", "total"
"c:\Users\elled\Documents\GitHub\banning-simulator-x\.github\workflows\lint.yml", "YAML", 0, 0, 0, 0, 17, 0, 0, 0, 5, 22
"c:\Users\elled\Documents\GitHub\banning-simulator-x\README.md", "Markdown", 0, 0, 0, 0, 0, 12, 0, 0, 8, 20
"c:\Users\elled\Documents\GitHub\banning-simulator-x\default.project.json", "JSON", 51, 0, 0, 0, 0, 0, 0, 0, 1, 52
"c:\Users\elled\Documents\GitHub\banning-simulator-x\package-lock.json", "JSON", 3687, 0, 0, 0, 0, 0, 0, 0, 1, 3688
"c:\Users\elled\Documents\GitHub\banning-simulator-x\package.json", "JSON", 53, 0, 0, 0, 0, 0, 0, 0, 1, 54
"c:\Users\elled\Documents\GitHub\banning-simulator-x\src\client\animations\crystals.client.ts", "TypeScript", 0, 0, 0, 63, 0, 0, 0, 7, 17, 87
"c:\Users\elled\Documents\GitHub\banning-simulator-x\src\client\animations\eggs.client.ts", "TypeScript", 0, 0, 0, 59, 0, 0, 0, 7, 19, 85
"c:\Users\elled\Documents\GitHub\banning-simulator-x\src\client\animations\petMasteryVendors.client.ts", "TypeScript", 0, 0, 0, 21, 0, 0, 0, 7, 8, 36
"c:\Users\elled\Documents\GitHub\banning-simulator-x\src\client\clientStores.ts", "TypeScript", 0, 0, 0, 55, 0, 0, 0, 30, 16, 101
"c:\Users\elled\Documents\GitHub\banning-simulator-x\src\client\handlers\animatedGradients.client.ts", "TypeScript", 0, 0, 0, 19, 0, 0, 0, 0, 6, 25
"c:\Users\elled\Documents\GitHub\banning-simulator-x\src\client\handlers\clientStore.client.ts", "TypeScript", 0, 0, 0, 8, 0, 0, 0, 0, 3, 11
"c:\Users\elled\Documents\GitHub\banning-simulator-x\src\client\handlers\item inventory\inventoryLayoutHandler.ts", "TypeScript", 0, 0, 0, 73, 0, 0, 0, 8, 15, 96
"c:\Users\elled\Documents\GitHub\banning-simulator-x\src\client\handlers\lighting.client.ts", "TypeScript", 0, 0, 0, 16, 0, 0, 0, 0, 5, 21
"c:\Users\elled\Documents\GitHub\banning-simulator-x\src\client\handlers\music.client.ts", "TypeScript", 0, 0, 0, 82, 0, 0, 0, 11, 25, 118
"c:\Users\elled\Documents\GitHub\banning-simulator-x\src\client\handlers\npcAnimations.client.ts", "TypeScript", 0, 0, 0, 33, 0, 0, 0, 5, 10, 48
"c:\Users\elled\Documents\GitHub\banning-simulator-x\src\client\handlers\petFollow.client.ts", "TypeScript", 0, 0, 0, 255, 0, 0, 0, 15, 38, 308
"c:\Users\elled\Documents\GitHub\banning-simulator-x\src\client\handlers\purchasedZones.client.ts", "TypeScript", 0, 0, 0, 47, 0, 0, 0, 11, 11, 69
"c:\Users\elled\Documents\GitHub\banning-simulator-x\src\client\handlers\tags.client.ts", "TypeScript", 0, 0, 0, 279, 0, 0, 0, 21, 68, 368
"c:\Users\elled\Documents\GitHub\banning-simulator-x\src\client\handlers\talisman.client.ts", "TypeScript", 0, 0, 0, 51, 0, 0, 0, 11, 14, 76
"c:\Users\elled\Documents\GitHub\banning-simulator-x\src\client\handlers\titles.client.ts", "TypeScript", 0, 0, 0, 51, 0, 0, 0, 0, 13, 64
"c:\Users\elled\Documents\GitHub\banning-simulator-x\src\client\handlers\uiStrokeAdjuster.client.ts", "TypeScript", 0, 0, 0, 112, 0, 0, 0, 23, 34, 169
"c:\Users\elled\Documents\GitHub\banning-simulator-x\src\client\handlers\walkSpeed.client.ts", "TypeScript", 0, 0, 0, 34, 0, 0, 0, 5, 10, 49
"c:\Users\elled\Documents\GitHub\banning-simulator-x\src\client\handlers\weapons.client.ts", "TypeScript", 0, 0, 0, 214, 0, 0, 0, 17, 65, 296
"c:\Users\elled\Documents\GitHub\banning-simulator-x\src\client\modules\autoFightWalkspeedHandler.ts", "TypeScript", 0, 0, 0, 21, 0, 0, 0, 9, 7, 37
"c:\Users\elled\Documents\GitHub\banning-simulator-x\src\client\modules\pets\createPetFollow.ts", "TypeScript", 0, 0, 0, 74, 0, 0, 0, 11, 18, 103
"c:\Users\elled\Documents\GitHub\banning-simulator-x\src\client\modules\pets\petAnimationCache.ts", "TypeScript", 0, 0, 0, 39, 0, 0, 0, 10, 6, 55
"c:\Users\elled\Documents\GitHub\banning-simulator-x\src\client\modules\pets\sort.ts", "TypeScript", 0, 0, 0, 61, 0, 0, 0, 31, 13, 105
"c:\Users\elled\Documents\GitHub\banning-simulator-x\src\client\modules\pets\unequipPet.ts", "TypeScript", 0, 0, 0, 8, 0, 0, 0, 4, 2, 14
"c:\Users\elled\Documents\GitHub\banning-simulator-x\src\client\modules\settings\musicVolume.ts", "TypeScript", 0, 0, 0, 9, 0, 0, 0, 6, 3, 18
"c:\Users\elled\Documents\GitHub\banning-simulator-x\src\client\modules\settings\petStudsOfDistance.ts", "TypeScript", 0, 0, 0, 12, 0, 0, 0, 6, 3, 21
"c:\Users\elled\Documents\GitHub\banning-simulator-x\src\client\modules\settings\soundEffects.ts", "TypeScript", 0, 0, 0, 9, 0, 0, 0, 6, 3, 18
"c:\Users\elled\Documents\GitHub\banning-simulator-x\src\client\modules\settings\timeOfDay.ts", "TypeScript", 0, 0, 0, 9, 0, 0, 0, 6, 3, 18
"c:\Users\elled\Documents\GitHub\banning-simulator-x\src\client\modules\settings\walkSpeed.ts", "TypeScript", 0, 0, 0, 31, 0, 0, 0, 7, 8, 46
"c:\Users\elled\Documents\GitHub\banning-simulator-x\src\client\modules\talismans\followTalisman.ts", "TypeScript", 0, 0, 0, 56, 0, 0, 0, 7, 19, 82
"c:\Users\elled\Documents\GitHub\banning-simulator-x\src\client\modules\talismans\unequipTalisman.ts", "TypeScript", 0, 0, 0, 8, 0, 0, 0, 5, 3, 16
"c:\Users\elled\Documents\GitHub\banning-simulator-x\src\client\modules\tryPurchaseZone.ts", "TypeScript", 0, 0, 0, 31, 0, 0, 0, 10, 4, 45
"c:\Users\elled\Documents\GitHub\banning-simulator-x\src\client\modules\weapons\weaponState.ts", "TypeScript", 0, 0, 0, 25, 0, 0, 0, 8, 6, 39
"c:\Users\elled\Documents\GitHub\banning-simulator-x\src\client\ui\app.tsx", "TypeScript JSX", 0, 0, 220, 0, 0, 0, 0, 9, 6, 235
"c:\Users\elled\Documents\GitHub\banning-simulator-x\src\client\ui\commonValues.ts", "TypeScript", 0, 0, 0, 11, 0, 0, 0, 0, 4, 15
"c:\Users\elled\Documents\GitHub\banning-simulator-x\src\client\ui\components\account\accolades\accoladeCard.tsx", "TypeScript JSX", 0, 0, 202, 0, 0, 0, 0, 3, 16, 221
"c:\Users\elled\Documents\GitHub\banning-simulator-x\src\client\ui\components\account\accolades\index.tsx", "TypeScript JSX", 0, 0, 84, 0, 0, 0, 0, 3, 12, 99
"c:\Users\elled\Documents\GitHub\banning-simulator-x\src\client\ui\components\account\admin\adminOption.tsx", "TypeScript JSX", 0, 0, 75, 0, 0, 0, 0, 2, 8, 85
"c:\Users\elled\Documents\GitHub\banning-simulator-x\src\client\ui\components\account\admin\displayOptions.tsx", "TypeScript JSX", 0, 0, 44, 0, 0, 0, 0, 2, 3, 49
"c:\Users\elled\Documents\GitHub\banning-simulator-x\src\client\ui\components\account\admin\editAccount.tsx", "TypeScript JSX", 0, 0, 73, 0, 0, 0, 0, 8, 11, 92
"c:\Users\elled\Documents\GitHub\banning-simulator-x\src\client\ui\components\account\admin\index.tsx", "TypeScript JSX", 0, 0, 91, 0, 0, 0, 0, 4, 9, 104
"c:\Users\elled\Documents\GitHub\banning-simulator-x\src\client\ui\components\account\admin\kickPlayer.tsx", "TypeScript JSX", 0, 0, 107, 0, 0, 0, 0, 2, 10, 119
"c:\Users\elled\Documents\GitHub\banning-simulator-x\src\client\ui\components\account\admin\modifyCurrency.tsx", "TypeScript JSX", 0, 0, 316, 0, 0, 0, 0, 1, 18, 335
"c:\Users\elled\Documents\GitHub\banning-simulator-x\src\client\ui\components\account\admin\modifyPetLevel.tsx", "TypeScript JSX", 0, 0, 366, 0, 0, 0, 0, 1, 26, 393
"c:\Users\elled\Documents\GitHub\banning-simulator-x\src\client\ui\components\account\admin\modifyRank.tsx", "TypeScript JSX", 0, 0, 199, 0, 0, 0, 0, 1, 14, 214
"c:\Users\elled\Documents\GitHub\banning-simulator-x\src\client\ui\components\account\admin\modifyTalismanPhase.tsx", "TypeScript JSX", 0, 0, 377, 0, 0, 0, 0, 1, 18, 396
"c:\Users\elled\Documents\GitHub\banning-simulator-x\src\client\ui\components\account\admin\modifyWeaponLevel.tsx", "TypeScript JSX", 0, 0, 330, 0, 0, 0, 0, 1, 21, 352
"c:\Users\elled\Documents\GitHub\banning-simulator-x\src\client\ui\components\account\admin\shutdownServer.tsx", "TypeScript JSX", 0, 0, 113, 0, 0, 0, 0, 1, 10, 124
"c:\Users\elled\Documents\GitHub\banning-simulator-x\src\client\ui\components\account\admin\spawnPet.tsx", "TypeScript JSX", 0, 0, 246, 0, 0, 0, 0, 1, 20, 267
"c:\Users\elled\Documents\GitHub\banning-simulator-x\src\client\ui\components\account\codes\index.tsx", "TypeScript JSX", 0, 0, 253, 0, 0, 0, 0, 13, 20, 286
"c:\Users\elled\Documents\GitHub\banning-simulator-x\src\client\ui\components\account\index.tsx", "TypeScript JSX", 0, 0, 338, 0, 0, 0, 0, 9, 45, 392
"c:\Users\elled\Documents\GitHub\banning-simulator-x\src\client\ui\components\account\mastery\index.tsx", "TypeScript JSX", 0, 0, 210, 0, 0, 0, 0, 3, 19, 232
"c:\Users\elled\Documents\GitHub\banning-simulator-x\src\client\ui\components\account\mastery\masteryCard.tsx", "TypeScript JSX", 0, 0, 97, 0, 0, 0, 0, 3, 7, 107
"c:\Users\elled\Documents\GitHub\banning-simulator-x\src\client\ui\components\account\playerSelection\accountPlayerSelection.tsx", "TypeScript JSX", 0, 0, 132, 0, 0, 0, 0, 2, 15, 149
"c:\Users\elled\Documents\GitHub\banning-simulator-x\src\client\ui\components\account\playerSelection\returnToAccountView.tsx", "TypeScript JSX", 0, 0, 35, 0, 0, 0, 0, 2, 5, 42
"c:\Users\elled\Documents\GitHub\banning-simulator-x\src\client\ui\components\account\playerSelection\selectPlayer.tsx", "TypeScript JSX", 0, 0, 55, 0, 0, 0, 0, 2, 7, 64
"c:\Users\elled\Documents\GitHub\banning-simulator-x\src\client\ui\components\account\settings\index.tsx", "TypeScript JSX", 0, 0, 210, 0, 0, 0, 0, 8, 17, 235
"c:\Users\elled\Documents\GitHub\banning-simulator-x\src\client\ui\components\account\settings\optionChoice.tsx", "TypeScript JSX", 0, 0, 86, 0, 0, 0, 0, 2, 7, 95
"c:\Users\elled\Documents\GitHub\banning-simulator-x\src\client\ui\components\account\settings\optionMultiChoice.tsx", "TypeScript JSX", 0, 0, 102, 0, 0, 0, 0, 2, 9, 113
"c:\Users\elled\Documents\GitHub\banning-simulator-x\src\client\ui\components\account\settings\sectionHeader.tsx", "TypeScript JSX", 0, 0, 20, 0, 0, 0, 0, 2, 2, 24
"c:\Users\elled\Documents\GitHub\banning-simulator-x\src\client\ui\components\account\stats\card.tsx", "TypeScript JSX", 0, 0, 70, 0, 0, 0, 0, 2, 4, 76
"c:\Users\elled\Documents\GitHub\banning-simulator-x\src\client\ui\components\account\stats\index.tsx", "TypeScript JSX", 0, 0, 134, 0, 0, 0, 0, 2, 22, 158
"c:\Users\elled\Documents\GitHub\banning-simulator-x\src\client\ui\components\account\trades\index.tsx", "TypeScript JSX", 0, 0, 19, 0, 0, 0, 0, 3, 4, 26
"c:\Users\elled\Documents\GitHub\banning-simulator-x\src\client\ui\components\account\util\accountIconTemplate.tsx", "TypeScript JSX", 0, 0, 65, 0, 0, 0, 0, 2, 9, 76
"c:\Users\elled\Documents\GitHub\banning-simulator-x\src\client\ui\components\account\util\fullComponentHeader.tsx", "TypeScript JSX", 0, 0, 125, 0, 0, 0, 0, 2, 6, 133
"c:\Users\elled\Documents\GitHub\banning-simulator-x\src\client\ui\components\account\util\rightComponentHeader.tsx", "TypeScript JSX", 0, 0, 125, 0, 0, 0, 0, 2, 6, 133
"c:\Users\elled\Documents\GitHub\banning-simulator-x\src\client\ui\components\announcements\index.tsx", "TypeScript JSX", 0, 0, 139, 0, 0, 0, 0, 5, 13, 157
"c:\Users\elled\Documents\GitHub\banning-simulator-x\src\client\ui\components\auto fight\index.tsx", "TypeScript JSX", 0, 0, 1045, 0, 0, 0, 0, 28, 129, 1202
"c:\Users\elled\Documents\GitHub\banning-simulator-x\src\client\ui\components\currencyGainAnimation\index.tsx", "TypeScript JSX", 0, 0, 63, 0, 0, 0, 0, 5, 12, 80
"c:\Users\elled\Documents\GitHub\banning-simulator-x\src\client\ui\components\currencyGainAnimation\slot.tsx", "TypeScript JSX", 0, 0, 62, 0, 0, 0, 0, 0, 11, 73
"c:\Users\elled\Documents\GitHub\banning-simulator-x\src\client\ui\components\datastoreEvents.tsx", "TypeScript JSX", 0, 0, 132, 0, 0, 0, 0, 1, 21, 154
"c:\Users\elled\Documents\GitHub\banning-simulator-x\src\client\ui\components\eggs\eggCosts\eggCostDisplay.tsx", "TypeScript JSX", 0, 0, 42, 0, 0, 0, 0, 10, 3, 55
"c:\Users\elled\Documents\GitHub\banning-simulator-x\src\client\ui\components\eggs\eggCosts\index.tsx", "TypeScript JSX", 0, 0, 52, 0, 0, 0, 0, 10, 8, 70
"c:\Users\elled\Documents\GitHub\banning-simulator-x\src\client\ui\components\eggs\eggHatch\animateEggs.ts", "TypeScript", 0, 0, 0, 493, 0, 0, 0, 78, 91, 662
"c:\Users\elled\Documents\GitHub\banning-simulator-x\src\client\ui\components\eggs\eggHatch\index.tsx", "TypeScript JSX", 0, 0, 27, 0, 0, 0, 0, 9, 7, 43
"c:\Users\elled\Documents\GitHub\banning-simulator-x\src\client\ui\components\eggs\eggHatch\infoFrame.tsx", "TypeScript JSX", 0, 0, 90, 0, 0, 0, 0, 10, 9, 109
"c:\Users\elled\Documents\GitHub\banning-simulator-x\src\client\ui\components\eggs\eggHud\eggHudDisplay.tsx", "TypeScript JSX", 0, 0, 165, 0, 0, 0, 0, 29, 18, 212
"c:\Users\elled\Documents\GitHub\banning-simulator-x\src\client\ui\components\eggs\eggHud\hatchEgg.tsx", "TypeScript JSX", 0, 0, 133, 0, 0, 0, 0, 11, 19, 163
"c:\Users\elled\Documents\GitHub\banning-simulator-x\src\client\ui\components\eggs\eggHud\index.tsx", "TypeScript JSX", 0, 0, 210, 0, 0, 0, 0, 29, 41, 280
"c:\Users\elled\Documents\GitHub\banning-simulator-x\src\client\ui\components\eggs\eggHud\toggleAutoHatch.tsx", "TypeScript JSX", 0, 0, 135, 0, 0, 0, 0, 11, 20, 166
"c:\Users\elled\Documents\GitHub\banning-simulator-x\src\client\ui\components\eggs\eggHud\tripleHatchEgg.tsx", "TypeScript JSX", 0, 0, 148, 0, 0, 0, 0, 12, 20, 180
"c:\Users\elled\Documents\GitHub\banning-simulator-x\src\client\ui\components\eggs\index.tsx", "TypeScript JSX", 0, 0, 144, 0, 0, 0, 0, 18, 30, 192
"c:\Users\elled\Documents\GitHub\banning-simulator-x\src\client\ui\components\equip\fakeWeaponEquip.tsx", "TypeScript JSX", 0, 0, 143, 0, 0, 0, 0, 8, 12, 163
"c:\Users\elled\Documents\GitHub\banning-simulator-x\src\client\ui\components\equip\weaponEquip.tsx", "TypeScript JSX", 0, 0, 45, 0, 0, 0, 0, 11, 8, 64
"c:\Users\elled\Documents\GitHub\banning-simulator-x\src\client\ui\components\fusing\displayPets.tsx", "TypeScript JSX", 0, 0, 300, 0, 0, 0, 0, 10, 29, 339
"c:\Users\elled\Documents\GitHub\banning-simulator-x\src\client\ui\components\fusing\index.tsx", "TypeScript JSX", 0, 0, 275, 0, 0, 0, 0, 3, 26, 304
"c:\Users\elled\Documents\GitHub\banning-simulator-x\src\client\ui\components\fusing\petSelection.tsx", "TypeScript JSX", 0, 0, 133, 0, 0, 0, 0, 8, 17, 158
"c:\Users\elled\Documents\GitHub\banning-simulator-x\src\client\ui\components\fusing\zoneSelection.tsx", "TypeScript JSX", 0, 0, 76, 0, 0, 0, 0, 1, 9, 86
"c:\Users\elled\Documents\GitHub\banning-simulator-x\src\client\ui\components\hud\accountIcon.tsx", "TypeScript JSX", 0, 0, 57, 0, 0, 0, 0, 2, 8, 67
"c:\Users\elled\Documents\GitHub\banning-simulator-x\src\client\ui\components\hud\autoFightIcon.tsx", "TypeScript JSX", 0, 0, 57, 0, 0, 0, 0, 2, 8, 67
"c:\Users\elled\Documents\GitHub\banning-simulator-x\src\client\ui\components\hud\coinsCurrency.tsx", "TypeScript JSX", 0, 0, 52, 0, 0, 0, 0, 4, 5, 61
"c:\Users\elled\Documents\GitHub\banning-simulator-x\src\client\ui\components\hud\footer.tsx", "TypeScript JSX", 0, 0, 27, 0, 0, 0, 0, 0, 4, 31
"c:\Users\elled\Documents\GitHub\banning-simulator-x\src\client\ui\components\hud\gemsCurrency.tsx", "TypeScript JSX", 0, 0, 55, 0, 0, 0, 0, 4, 5, 64
"c:\Users\elled\Documents\GitHub\banning-simulator-x\src\client\ui\components\hud\header.tsx", "TypeScript JSX", 0, 0, 34, 0, 0, 0, 0, 0, 4, 38
"c:\Users\elled\Documents\GitHub\banning-simulator-x\src\client\ui\components\hud\index.tsx", "TypeScript JSX", 0, 0, 41, 0, 0, 0, 0, 0, 5, 46
"c:\Users\elled\Documents\GitHub\banning-simulator-x\src\client\ui\components\hud\itemsIcon.tsx", "TypeScript JSX", 0, 0, 57, 0, 0, 0, 0, 2, 8, 67
"c:\Users\elled\Documents\GitHub\banning-simulator-x\src\client\ui\components\hud\openShop.tsx", "TypeScript JSX", 0, 0, 40, 0, 0, 0, 0, 2, 7, 49
"c:\Users\elled\Documents\GitHub\banning-simulator-x\src\client\ui\components\hud\rankViewer.tsx", "TypeScript JSX", 0, 0, 112, 0, 0, 0, 0, 4, 8, 124
"c:\Users\elled\Documents\GitHub\banning-simulator-x\src\client\ui\components\hud\teleportIcon.tsx", "TypeScript JSX", 0, 0, 76, 0, 0, 0, 0, 8, 11, 95
"c:\Users\elled\Documents\GitHub\banning-simulator-x\src\client\ui\components\hud\tradingIcon.tsx", "TypeScript JSX", 0, 0, 54, 0, 0, 0, 0, 2, 7, 63
"c:\Users\elled\Documents\GitHub\banning-simulator-x\src\client\ui\components\hud\upgradeRankTeleport.tsx", "TypeScript JSX", 0, 0, 84, 0, 0, 0, 0, 2, 18, 104
"c:\Users\elled\Documents\GitHub\banning-simulator-x\src\client\ui\components\hud\wheelSpingIcon.tsx", "TypeScript JSX", 0, 0, 57, 0, 0, 0, 0, 2, 8, 67
"c:\Users\elled\Documents\GitHub\banning-simulator-x\src\client\ui\components\items\bottombar\displayPetInventory.tsx", "TypeScript JSX", 0, 0, 52, 0, 0, 0, 0, 2, 6, 60
"c:\Users\elled\Documents\GitHub\banning-simulator-x\src\client\ui\components\items\bottombar\displayTalismansInventory.tsx", "TypeScript JSX", 0, 0, 52, 0, 0, 0, 0, 2, 6, 60
"c:\Users\elled\Documents\GitHub\banning-simulator-x\src\client\ui\components\items\bottombar\displayTitlesInventory.tsx", "TypeScript JSX", 0, 0, 52, 0, 0, 0, 0, 2, 6, 60
"c:\Users\elled\Documents\GitHub\banning-simulator-x\src\client\ui\components\items\bottombar\displayWeaponInventory.tsx", "TypeScript JSX", 0, 0, 52, 0, 0, 0, 0, 2, 6, 60
"c:\Users\elled\Documents\GitHub\banning-simulator-x\src\client\ui\components\items\bottombar\index.tsx", "TypeScript JSX", 0, 0, 35, 0, 0, 0, 0, 0, 4, 39
"c:\Users\elled\Documents\GitHub\banning-simulator-x\src\client\ui\components\items\index.tsx", "TypeScript JSX", 0, 0, 74, 0, 0, 0, 0, 3, 9, 86
"c:\Users\elled\Documents\GitHub\banning-simulator-x\src\client\ui\components\items\pets\index.tsx", "TypeScript JSX", 0, 0, 283, 0, 0, 0, 0, 21, 29, 333
"c:\Users\elled\Documents\GitHub\banning-simulator-x\src\client\ui\components\items\pets\inventory.tsx", "TypeScript JSX", 0, 0, 363, 0, 0, 0, 0, 26, 49, 438
"c:\Users\elled\Documents\GitHub\banning-simulator-x\src\client\ui\components\items\pets\inventoryCounter.tsx", "TypeScript JSX", 0, 0, 98, 0, 0, 0, 0, 13, 6, 117
"c:\Users\elled\Documents\GitHub\banning-simulator-x\src\client\ui\components\items\pets\petInfoDisplay.tsx", "TypeScript JSX", 0, 0, 523, 0, 0, 0, 0, 38, 55, 616
"c:\Users\elled\Documents\GitHub\banning-simulator-x\src\client\ui\components\items\pets\petInventoryBottomControl.tsx", "TypeScript JSX", 0, 0, 194, 0, 0, 0, 0, 22, 23, 239
"c:\Users\elled\Documents\GitHub\banning-simulator-x\src\client\ui\components\items\pets\petSummary.tsx", "TypeScript JSX", 0, 0, 253, 0, 0, 0, 0, 15, 20, 288
"c:\Users\elled\Documents\GitHub\banning-simulator-x\src\client\ui\components\items\pets\search.tsx", "TypeScript JSX", 0, 0, 40, 0, 0, 0, 0, 5, 4, 49
"c:\Users\elled\Documents\GitHub\banning-simulator-x\src\client\ui\components\items\pets\teams\createTeam.tsx", "TypeScript JSX", 0, 0, 94, 0, 0, 0, 0, 8, 13, 115
"c:\Users\elled\Documents\GitHub\banning-simulator-x\src\client\ui\components\items\pets\teams\index.tsx", "TypeScript JSX", 0, 0, 63, 0, 0, 0, 0, 7, 11, 81
"c:\Users\elled\Documents\GitHub\banning-simulator-x\src\client\ui\components\items\pets\teams\purchaseTeam.tsx", "TypeScript JSX", 0, 0, 76, 0, 0, 0, 0, 4, 7, 87
"c:\Users\elled\Documents\GitHub\banning-simulator-x\src\client\ui\components\items\pets\teams\returnToInventory.tsx", "TypeScript JSX", 0, 0, 35, 0, 0, 0, 0, 5, 5, 45
"c:\Users\elled\Documents\GitHub\banning-simulator-x\src\client\ui\components\items\pets\teams\viewTeam.tsx", "TypeScript JSX", 0, 0, 236, 0, 0, 0, 0, 24, 28, 288
"c:\Users\elled\Documents\GitHub\banning-simulator-x\src\client\ui\components\items\talismans\inventory.tsx", "TypeScript JSX", 0, 0, 101, 0, 0, 0, 0, 7, 10, 118
"c:\Users\elled\Documents\GitHub\banning-simulator-x\src\client\ui\components\items\talismans\talismanFrame.tsx", "TypeScript JSX", 0, 0, 74, 0, 0, 0, 0, 5, 5, 84
"c:\Users\elled\Documents\GitHub\banning-simulator-x\src\client\ui\components\items\talismans\talismanInfoDisplay.tsx", "TypeScript JSX", 0, 0, 306, 0, 0, 0, 0, 18, 30, 354
"c:\Users\elled\Documents\GitHub\banning-simulator-x\src\client\ui\components\items\titles\inventory.tsx", "TypeScript JSX", 0, 0, 291, 0, 0, 0, 0, 15, 24, 330
"c:\Users\elled\Documents\GitHub\banning-simulator-x\src\client\ui\components\items\weapons\inventory.tsx", "TypeScript JSX", 0, 0, 82, 0, 0, 0, 0, 7, 11, 100
"c:\Users\elled\Documents\GitHub\banning-simulator-x\src\client\ui\components\items\weapons\weaponFrame.tsx", "TypeScript JSX", 0, 0, 66, 0, 0, 0, 0, 5, 4, 75
"c:\Users\elled\Documents\GitHub\banning-simulator-x\src\client\ui\components\items\weapons\weaponInfoDisplay.tsx", "TypeScript JSX", 0, 0, 269, 0, 0, 0, 0, 18, 31, 318
"c:\Users\elled\Documents\GitHub\banning-simulator-x\src\client\ui\components\petMastery\index.tsx", "TypeScript JSX", 0, 0, 109, 0, 0, 0, 0, 3, 25, 137
"c:\Users\elled\Documents\GitHub\banning-simulator-x\src\client\ui\components\petMastery\interactPrompt.tsx", "TypeScript JSX", 0, 0, 99, 0, 0, 0, 0, 15, 13, 127
"c:\Users\elled\Documents\GitHub\banning-simulator-x\src\client\ui\components\petMastery\masteryMenu\challenges\challengesDisplay.tsx", "TypeScript JSX", 0, 0, 613, 0, 0, 0, 0, 22, 54, 689
"c:\Users\elled\Documents\GitHub\banning-simulator-x\src\client\ui\components\petMastery\masteryMenu\challenges\petHeader.tsx", "TypeScript JSX", 0, 0, 47, 0, 0, 0, 0, 9, 7, 63
"c:\Users\elled\Documents\GitHub\banning-simulator-x\src\client\ui\components\petMastery\masteryMenu\challenges\petView.tsx", "TypeScript JSX", 0, 0, 68, 0, 0, 0, 0, 11, 10, 89
"c:\Users\elled\Documents\GitHub\banning-simulator-x\src\client\ui\components\petMastery\masteryMenu\challenges\toggleCosmetic.tsx", "TypeScript JSX", 0, 0, 134, 0, 0, 0, 0, 12, 18, 164
"c:\Users\elled\Documents\GitHub\banning-simulator-x\src\client\ui\components\petMastery\masteryMenu\eggs\eggScroll\eggCard\index.tsx", "TypeScript JSX", 0, 0, 95, 0, 0, 0, 0, 11, 14, 120
"c:\Users\elled\Documents\GitHub\banning-simulator-x\src\client\ui\components\petMastery\masteryMenu\eggs\eggScroll\index.tsx", "TypeScript JSX", 0, 0, 37, 0, 0, 0, 0, 9, 4, 50
"c:\Users\elled\Documents\GitHub\banning-simulator-x\src\client\ui\components\petMastery\masteryMenu\eggs\eggView\eggCost.tsx", "TypeScript JSX", 0, 0, 53, 0, 0, 0, 0, 9, 6, 68
"c:\Users\elled\Documents\GitHub\banning-simulator-x\src\client\ui\components\petMastery\masteryMenu\eggs\eggView\eggName.tsx", "TypeScript JSX", 0, 0, 20, 0, 0, 0, 0, 6, 2, 28
"c:\Users\elled\Documents\GitHub\banning-simulator-x\src\client\ui\components\petMastery\masteryMenu\eggs\eggView\eggView.tsx", "TypeScript JSX", 0, 0, 49, 0, 0, 0, 0, 5, 6, 60
"c:\Users\elled\Documents\GitHub\banning-simulator-x\src\client\ui\components\petMastery\masteryMenu\eggs\eggView\index.tsx", "TypeScript JSX", 0, 0, 65, 0, 0, 0, 0, 12, 9, 86
"c:\Users\elled\Documents\GitHub\banning-simulator-x\src\client\ui\components\petMastery\masteryMenu\eggs\eggView\progress\radiant.tsx", "TypeScript JSX", 0, 0, 21, 0, 0, 0, 0, 3, 3, 27
"c:\Users\elled\Documents\GitHub\banning-simulator-x\src\client\ui\components\petMastery\masteryMenu\eggs\eggView\progress\regular.tsx", "TypeScript JSX", 0, 0, 21, 0, 0, 0, 0, 3, 3, 27
"c:\Users\elled\Documents\GitHub\banning-simulator-x\src\client\ui\components\petMastery\masteryMenu\eggs\eggView\progress\util\header.tsx", "TypeScript JSX", 0, 0, 28, 0, 0, 0, 0, 6, 3, 37
"c:\Users\elled\Documents\GitHub\banning-simulator-x\src\client\ui\components\petMastery\masteryMenu\eggs\eggView\progress\util\progressBar.tsx", "TypeScript JSX", 0, 0, 133, 0, 0, 0, 0, 12, 22, 167
"c:\Users\elled\Documents\GitHub\banning-simulator-x\src\client\ui\components\petMastery\masteryMenu\eggs\eggView\progress\util\viewPets.tsx", "TypeScript JSX", 0, 0, 52, 0, 0, 0, 0, 5, 5, 62
"c:\Users\elled\Documents\GitHub\banning-simulator-x\src\client\ui\components\petMastery\masteryMenu\eggs\eggView\progress\void.tsx", "TypeScript JSX", 0, 0, 21, 0, 0, 0, 0, 3, 3, 27
"c:\Users\elled\Documents\GitHub\banning-simulator-x\src\client\ui\components\petMastery\masteryMenu\index.tsx", "TypeScript JSX", 0, 0, 119, 0, 0, 0, 0, 4, 7, 130
"c:\Users\elled\Documents\GitHub\banning-simulator-x\src\client\ui\components\petMastery\masteryMenu\misc\header.tsx", "TypeScript JSX", 0, 0, 19, 0, 0, 0, 0, 5, 2, 26
"c:\Users\elled\Documents\GitHub\banning-simulator-x\src\client\ui\components\petMastery\masteryMenu\pets\eggsHatched.tsx", "TypeScript JSX", 0, 0, 44, 0, 0, 0, 0, 11, 7, 62
"c:\Users\elled\Documents\GitHub\banning-simulator-x\src\client\ui\components\petMastery\masteryMenu\pets\petScroll\index.tsx", "TypeScript JSX", 0, 0, 65, 0, 0, 0, 0, 10, 8, 83
"c:\Users\elled\Documents\GitHub\banning-simulator-x\src\client\ui\components\petMastery\masteryMenu\pets\petScroll\petCard\index.tsx", "TypeScript JSX", 0, 0, 109, 0, 0, 0, 0, 11, 13, 133
"c:\Users\elled\Documents\GitHub\banning-simulator-x\src\client\ui\components\petMastery\masteryMenu\pets\petView\index.tsx", "TypeScript JSX", 0, 0, 76, 0, 0, 0, 0, 13, 9, 98
"c:\Users\elled\Documents\GitHub\banning-simulator-x\src\client\ui\components\petMastery\masteryMenu\pets\petView\petInfo.tsx", "TypeScript JSX", 0, 0, 318, 0, 0, 0, 0, 63, 28, 409
"c:\Users\elled\Documents\GitHub\banning-simulator-x\src\client\ui\components\petMastery\masteryMenu\pets\petView\petView.tsx", "TypeScript JSX", 0, 0, 54, 0, 0, 0, 0, 5, 6, 65
"c:\Users\elled\Documents\GitHub\banning-simulator-x\src\client\ui\components\petMastery\masteryMenu\pets\petView\progress\index.tsx", "TypeScript JSX", 0, 0, 17, 0, 0, 0, 0, 3, 3, 23
"c:\Users\elled\Documents\GitHub\banning-simulator-x\src\client\ui\components\petMastery\masteryMenu\pets\petView\progress\util\header.tsx", "TypeScript JSX", 0, 0, 23, 0, 0, 0, 0, 6, 3, 32
"c:\Users\elled\Documents\GitHub\banning-simulator-x\src\client\ui\components\petMastery\masteryMenu\pets\petView\progress\util\progressBar.tsx", "TypeScript JSX", 0, 0, 96, 0, 0, 0, 0, 12, 16, 124
"c:\Users\elled\Documents\GitHub\banning-simulator-x\src\client\ui\components\petMastery\masteryMenu\pets\petView\progress\util\viewChallenges.tsx", "TypeScript JSX", 0, 0, 48, 0, 0, 0, 0, 5, 5, 58
"c:\Users\elled\Documents\GitHub\banning-simulator-x\src\client\ui\components\petMastery\masteryMenu\pets\returnToEggScroll.tsx", "TypeScript JSX", 0, 0, 35, 0, 0, 0, 0, 5, 5, 45
"c:\Users\elled\Documents\GitHub\banning-simulator-x\src\client\ui\components\ranks\menu.tsx", "TypeScript JSX", 0, 0, 329, 0, 0, 0, 0, 14, 35, 378
"c:\Users\elled\Documents\GitHub\banning-simulator-x\src\client\ui\components\spinWheel\index.tsx", "TypeScript JSX", 0, 0, 290, 0, 0, 0, 0, 10, 27, 327
"c:\Users\elled\Documents\GitHub\banning-simulator-x\src\client\ui\components\spinWheel\rewardFrame.tsx", "TypeScript JSX", 0, 0, 129, 0, 0, 0, 0, 2, 6, 137
"c:\Users\elled\Documents\GitHub\banning-simulator-x\src\client\ui\components\spinWheel\rewardSlot.tsx", "TypeScript JSX", 0, 0, 48, 0, 0, 0, 0, 0, 3, 51
"c:\Users\elled\Documents\GitHub\banning-simulator-x\src\client\ui\components\spinWheel\sideBar.tsx", "TypeScript JSX", 0, 0, 141, 0, 0, 0, 0, 9, 15, 165
"c:\Users\elled\Documents\GitHub\banning-simulator-x\src\client\ui\components\spinWheel\topText.tsx", "TypeScript JSX", 0, 0, 66, 0, 0, 0, 0, 0, 12, 78
"c:\Users\elled\Documents\GitHub\banning-simulator-x\src\client\ui\components\talismanLevelUp.tsx", "TypeScript JSX", 0, 0, 139, 0, 0, 0, 0, 10, 19, 168
"c:\Users\elled\Documents\GitHub\banning-simulator-x\src\client\ui\components\talismans\index.tsx", "TypeScript JSX", 0, 0, 64, 0, 0, 0, 0, 3, 15, 82
"c:\Users\elled\Documents\GitHub\banning-simulator-x\src\client\ui\components\talismans\interactPrompt.tsx", "TypeScript JSX", 0, 0, 102, 0, 0, 0, 0, 15, 14, 131
"c:\Users\elled\Documents\GitHub\banning-simulator-x\src\client\ui\components\talismans\shop\index.tsx", "TypeScript JSX", 0, 0, 70, 0, 0, 0, 0, 4, 13, 87
"c:\Users\elled\Documents\GitHub\banning-simulator-x\src\client\ui\components\talismans\shop\purchase.tsx", "TypeScript JSX", 0, 0, 104, 0, 0, 0, 0, 14, 16, 134
"c:\Users\elled\Documents\GitHub\banning-simulator-x\src\client\ui\components\talismans\shop\talismanInfo.tsx", "TypeScript JSX", 0, 0, 178, 0, 0, 0, 0, 9, 7, 194
"c:\Users\elled\Documents\GitHub\banning-simulator-x\src\client\ui\components\talismans\shop\viewNext.tsx", "TypeScript JSX", 0, 0, 49, 0, 0, 0, 0, 5, 5, 59
"c:\Users\elled\Documents\GitHub\banning-simulator-x\src\client\ui\components\talismans\shop\viewPrevious.tsx", "TypeScript JSX", 0, 0, 49, 0, 0, 0, 0, 5, 5, 59
"c:\Users\elled\Documents\GitHub\banning-simulator-x\src\client\ui\components\teleportation\index.tsx", "TypeScript JSX", 0, 0, 170, 0, 0, 0, 0, 3, 19, 192
"c:\Users\elled\Documents\GitHub\banning-simulator-x\src\client\ui\components\teleportation\returnToWorldSelection.tsx", "TypeScript JSX", 0, 0, 35, 0, 0, 0, 0, 5, 5, 45
"c:\Users\elled\Documents\GitHub\banning-simulator-x\src\client\ui\components\teleportation\worldCard.tsx", "TypeScript JSX", 0, 0, 96, 0, 0, 0, 0, 11, 12, 119
"c:\Users\elled\Documents\GitHub\banning-simulator-x\src\client\ui\components\teleportation\zoneCard.tsx", "TypeScript JSX", 0, 0, 131, 0, 0, 0, 0, 12, 22, 165
"c:\Users\elled\Documents\GitHub\banning-simulator-x\src\client\ui\components\trading\activeOffer.tsx", "TypeScript JSX", 0, 0, 177, 0, 0, 0, 0, 0, 12, 189
"c:\Users\elled\Documents\GitHub\banning-simulator-x\src\client\ui\components\trading\activeTradeWarning.tsx", "TypeScript JSX", 0, 0, 50, 0, 0, 0, 0, 3, 2, 55
"c:\Users\elled\Documents\GitHub\banning-simulator-x\src\client\ui\components\trading\completedTrade.tsx", "TypeScript JSX", 0, 0, 90, 0, 0, 0, 0, 0, 2, 92
"c:\Users\elled\Documents\GitHub\banning-simulator-x\src\client\ui\components\trading\finalOffer.tsx", "TypeScript JSX", 0, 0, 148, 0, 0, 0, 0, 0, 4, 152
"c:\Users\elled\Documents\GitHub\banning-simulator-x\src\client\ui\components\trading\index.tsx", "TypeScript JSX", 0, 0, 58, 0, 0, 0, 0, 0, 7, 65
"c:\Users\elled\Documents\GitHub\banning-simulator-x\src\client\ui\components\trading\sentTradeRequest.tsx", "TypeScript JSX", 0, 0, 87, 0, 0, 0, 0, 3, 3, 93
"c:\Users\elled\Documents\GitHub\banning-simulator-x\src\client\ui\components\trading\tradeList.tsx", "TypeScript JSX", 0, 0, 260, 0, 0, 0, 0, 2, 23, 285
"c:\Users\elled\Documents\GitHub\banning-simulator-x\src\client\ui\components\trading\tradeRequest.tsx", "TypeScript JSX", 0, 0, 108, 0, 0, 0, 0, 3, 3, 114
"c:\Users\elled\Documents\GitHub\banning-simulator-x\src\client\ui\components\weaponLevelUp.tsx", "TypeScript JSX", 0, 0, 130, 0, 0, 0, 0, 10, 19, 159
"c:\Users\elled\Documents\GitHub\banning-simulator-x\src\client\ui\components\weaponShop\index.tsx", "TypeScript JSX", 0, 0, 62, 0, 0, 0, 0, 4, 15, 81
"c:\Users\elled\Documents\GitHub\banning-simulator-x\src\client\ui\components\weaponShop\interactPrompt.tsx", "TypeScript JSX", 0, 0, 102, 0, 0, 0, 0, 16, 14, 132
"c:\Users\elled\Documents\GitHub\banning-simulator-x\src\client\ui\components\weaponShop\shop\index.tsx", "TypeScript JSX", 0, 0, 67, 0, 0, 0, 0, 4, 13, 84
"c:\Users\elled\Documents\GitHub\banning-simulator-x\src\client\ui\components\weaponShop\shop\purchase.tsx", "TypeScript JSX", 0, 0, 107, 0, 0, 0, 0, 14, 15, 136
"c:\Users\elled\Documents\GitHub\banning-simulator-x\src\client\ui\components\weaponShop\shop\viewNext.tsx", "TypeScript JSX", 0, 0, 49, 0, 0, 0, 0, 5, 5, 59
"c:\Users\elled\Documents\GitHub\banning-simulator-x\src\client\ui\components\weaponShop\shop\viewPrevious.tsx", "TypeScript JSX", 0, 0, 49, 0, 0, 0, 0, 5, 5, 59
"c:\Users\elled\Documents\GitHub\banning-simulator-x\src\client\ui\components\weaponShop\shop\weaponInfo.tsx", "TypeScript JSX", 0, 0, 115, 0, 0, 0, 0, 9, 7, 131
"c:\Users\elled\Documents\GitHub\banning-simulator-x\src\client\ui\components\zones\index.tsx", "TypeScript JSX", 0, 0, 76, 0, 0, 0, 0, 11, 17, 104
"c:\Users\elled\Documents\GitHub\banning-simulator-x\src\client\ui\components\zones\purchase\cancel.tsx", "TypeScript JSX", 0, 0, 51, 0, 0, 0, 0, 5, 6, 62
"c:\Users\elled\Documents\GitHub\banning-simulator-x\src\client\ui\components\zones\purchase\index.tsx", "TypeScript JSX", 0, 0, 97, 0, 0, 0, 0, 9, 7, 113
"c:\Users\elled\Documents\GitHub\banning-simulator-x\src\client\ui\components\zones\purchase\purchase.tsx", "TypeScript JSX", 0, 0, 153, 0, 0, 0, 0, 9, 11, 173
"c:\Users\elled\Documents\GitHub\banning-simulator-x\src\client\ui\components\zones\signs\baseInfo.tsx", "TypeScript JSX", 0, 0, 44, 0, 0, 0, 0, 3, 3, 50
"c:\Users\elled\Documents\GitHub\banning-simulator-x\src\client\ui\components\zones\signs\displayZonePurchasePrompt.tsx", "TypeScript JSX", 0, 0, 111, 0, 0, 0, 0, 9, 10, 130
"c:\Users\elled\Documents\GitHub\banning-simulator-x\src\client\ui\components\zones\signs\index.tsx", "TypeScript JSX", 0, 0, 87, 0, 0, 0, 0, 5, 5, 97
"c:\Users\elled\Documents\GitHub\banning-simulator-x\src\client\ui\context\AnnouncementsAPI.tsx", "TypeScript JSX", 0, 0, 81, 0, 0, 0, 0, 13, 22, 116
"c:\Users\elled\Documents\GitHub\banning-simulator-x\src\client\ui\customHooks\useBindingMotor.ts", "TypeScript", 0, 0, 0, 23, 0, 0, 0, 5, 7, 35
"c:\Users\elled\Documents\GitHub\banning-simulator-x\src\client\ui\customHooks\useMotor.ts", "TypeScript", 0, 0, 0, 22, 0, 0, 0, 11, 7, 40
"c:\Users\elled\Documents\GitHub\banning-simulator-x\src\client\ui\elements\baseElements\baseFrame.tsx", "TypeScript JSX", 0, 0, 15, 0, 0, 0, 0, 1, 3, 19
"c:\Users\elled\Documents\GitHub\banning-simulator-x\src\client\ui\elements\baseElements\baseImageButton.tsx", "TypeScript JSX", 0, 0, 49, 0, 0, 0, 0, 6, 7, 62
"c:\Users\elled\Documents\GitHub\banning-simulator-x\src\client\ui\elements\baseElements\baseImageLabel.tsx", "TypeScript JSX", 0, 0, 49, 0, 0, 0, 0, 6, 7, 62
"c:\Users\elled\Documents\GitHub\banning-simulator-x\src\client\ui\elements\baseElements\baseTextLabel.tsx", "TypeScript JSX", 0, 0, 40, 0, 0, 0, 0, 4, 4, 48
"c:\Users\elled\Documents\GitHub\banning-simulator-x\src\client\ui\elements\baseElements\baseUIStroke.tsx", "TypeScript JSX", 0, 0, 39, 0, 0, 0, 0, 3, 10, 52
"c:\Users\elled\Documents\GitHub\banning-simulator-x\src\client\ui\elements\common\exitButton.tsx", "TypeScript JSX", 0, 0, 29, 0, 0, 0, 0, 11, 4, 44
"c:\Users\elled\Documents\GitHub\banning-simulator-x\src\client\ui\elements\common\petFrame.tsx", "TypeScript JSX", 0, 0, 122, 0, 0, 0, 0, 10, 14, 146
"c:\Users\elled\Documents\GitHub\banning-simulator-x\src\client\ui\elements\common\rescalingScrollingFrame.tsx", "TypeScript JSX", 0, 0, 25, 0, 0, 0, 0, 15, 11, 51
"c:\Users\elled\Documents\GitHub\banning-simulator-x\src\client\ui\elements\gradients\currencyGradient.tsx", "TypeScript JSX", 0, 0, 10, 0, 0, 0, 0, 7, 3, 20
"c:\Users\elled\Documents\GitHub\banning-simulator-x\src\client\ui\elements\gradients\rankGradient.tsx", "TypeScript JSX", 0, 0, 11, 0, 0, 0, 0, 7, 4, 22
"c:\Users\elled\Documents\GitHub\banning-simulator-x\src\client\ui\elements\gradients\rarityGradient.tsx", "TypeScript JSX", 0, 0, 40, 0, 0, 0, 0, 7, 10, 57
"c:\Users\elled\Documents\GitHub\banning-simulator-x\src\client\ui\elements\gradients\talismanGradient.tsx", "TypeScript JSX", 0, 0, 14, 0, 0, 0, 0, 7, 5, 26
"c:\Users\elled\Documents\GitHub\banning-simulator-x\src\client\ui\elements\gradients\titleGradient.tsx", "TypeScript JSX", 0, 0, 31, 0, 0, 0, 0, 7, 11, 49
"c:\Users\elled\Documents\GitHub\banning-simulator-x\src\client\ui\elements\gradients\variantGradient.tsx", "TypeScript JSX", 0, 0, 10, 0, 0, 0, 0, 7, 3, 20
"c:\Users\elled\Documents\GitHub\banning-simulator-x\src\client\ui\elements\icons\currencyIcon.tsx", "TypeScript JSX", 0, 0, 46, 0, 0, 0, 0, 3, 5, 54
"c:\Users\elled\Documents\GitHub\banning-simulator-x\src\client\ui\elements\icons\damageIcon.tsx", "TypeScript JSX", 0, 0, 43, 0, 0, 0, 0, 3, 4, 50
"c:\Users\elled\Documents\GitHub\banning-simulator-x\src\client\ui\elements\icons\experienceIcon.tsx", "TypeScript JSX", 0, 0, 43, 0, 0, 0, 0, 3, 4, 50
"c:\Users\elled\Documents\GitHub\banning-simulator-x\src\client\ui\elements\icons\rankIcon.tsx", "TypeScript JSX", 0, 0, 42, 0, 0, 0, 0, 3, 5, 50
"c:\Users\elled\Documents\GitHub\banning-simulator-x\src\client\ui\elements\icons\walkspeedIcon.tsx", "TypeScript JSX", 0, 0, 43, 0, 0, 0, 0, 3, 4, 50
"c:\Users\elled\Documents\GitHub\banning-simulator-x\src\client\ui\elements\viewports\petViewport.tsx", "TypeScript JSX", 0, 0, 26, 0, 0, 0, 0, 8, 5, 39
"c:\Users\elled\Documents\GitHub\banning-simulator-x\src\client\ui\elements\viewports\talismanViewport.tsx", "TypeScript JSX", 0, 0, 23, 0, 0, 0, 0, 9, 5, 37
"c:\Users\elled\Documents\GitHub\banning-simulator-x\src\client\ui\elements\viewports\weaponViewport.tsx", "TypeScript JSX", 0, 0, 21, 0, 0, 0, 0, 8, 5, 34
"c:\Users\elled\Documents\GitHub\banning-simulator-x\src\client\ui\hooks.ts", "TypeScript", 0, 0, 0, 3, 0, 0, 0, 0, 2, 5
"c:\Users\elled\Documents\GitHub\banning-simulator-x\src\client\ui\mocks\hatchEgg.ts", "TypeScript", 0, 0, 0, 126, 0, 0, 0, 5, 5, 136
"c:\Users\elled\Documents\GitHub\banning-simulator-x\src\client\ui\mocks\remoteContext\fakeFunctionCall.ts", "TypeScript", 0, 0, 0, 20, 0, 0, 0, 13, 2, 35
"c:\Users\elled\Documents\GitHub\banning-simulator-x\src\client\ui\mocks\remoteContext\fakeRemoteCall.ts", "TypeScript", 0, 0, 0, 12, 0, 0, 0, 11, 2, 25
"c:\Users\elled\Documents\GitHub\banning-simulator-x\src\client\ui\mocks\remoteContext\fakeServerToClientRemote.ts", "TypeScript", 0, 0, 0, 12, 0, 0, 0, 7, 3, 22
"c:\Users\elled\Documents\GitHub\banning-simulator-x\src\client\ui\mocks\remoteContext\index.ts", "TypeScript", 0, 0, 0, 136, 0, 0, 0, 0, 18, 154
"c:\Users\elled\Documents\GitHub\banning-simulator-x\src\client\ui\roactMounter.client.tsx", "TypeScript JSX", 0, 0, 93, 0, 0, 0, 0, 0, 11, 104
"c:\Users\elled\Documents\GitHub\banning-simulator-x\src\client\ui\stories\app.story.tsx", "TypeScript JSX", 0, 0, 14, 0, 0, 0, 0, 0, 4, 18
"c:\Users\elled\Documents\GitHub\banning-simulator-x\src\client\ui\stories\components\account.story.tsx", "TypeScript JSX", 0, 0, 17, 0, 0, 0, 0, 0, 3, 20
"c:\Users\elled\Documents\GitHub\banning-simulator-x\src\client\ui\stories\components\announcements.story.tsx", "TypeScript JSX", 0, 0, 14, 0, 0, 0, 0, 0, 3, 17
"c:\Users\elled\Documents\GitHub\banning-simulator-x\src\client\ui\stories\components\autoFight.story.tsx", "TypeScript JSX", 0, 0, 22, 0, 0, 0, 0, 0, 3, 25
"c:\Users\elled\Documents\GitHub\banning-simulator-x\src\client\ui\stories\components\currencyGainAnimation.story.tsx", "TypeScript JSX", 0, 0, 14, 0, 0, 0, 0, 0, 3, 17
"c:\Users\elled\Documents\GitHub\banning-simulator-x\src\client\ui\stories\components\eggs\eggCosts.story.tsx", "TypeScript JSX", 0, 0, 9, 0, 0, 0, 0, 0, 4, 13
"c:\Users\elled\Documents\GitHub\banning-simulator-x\src\client\ui\stories\components\eggs\eggHatch.story.tsx", "TypeScript JSX", 0, 0, 22, 0, 0, 0, 0, 0, 3, 25
"c:\Users\elled\Documents\GitHub\banning-simulator-x\src\client\ui\stories\components\eggs\infoFrame.story.tsx", "TypeScript JSX", 0, 0, 14, 0, 0, 0, 0, 0, 3, 17
"c:\Users\elled\Documents\GitHub\banning-simulator-x\src\client\ui\stories\components\hud\hud.story.tsx", "TypeScript JSX", 0, 0, 22, 0, 0, 0, 0, 0, 4, 26
"c:\Users\elled\Documents\GitHub\banning-simulator-x\src\client\ui\stories\components\items\items.story.tsx", "TypeScript JSX", 0, 0, 79, 0, 0, 0, 0, 0, 10, 89
"c:\Users\elled\Documents\GitHub\banning-simulator-x\src\client\ui\stories\components\items\petSummary.story.tsx", "TypeScript JSX", 0, 0, 40, 0, 0, 0, 0, 1, 5, 46
"c:\Users\elled\Documents\GitHub\banning-simulator-x\src\client\ui\stories\components\petMastery\petCard.story.tsx", "TypeScript JSX", 0, 0, 14, 0, 0, 0, 0, 0, 3, 17
"c:\Users\elled\Documents\GitHub\banning-simulator-x\src\client\ui\stories\components\petMastery\petMasteryMenu.story.tsx", "TypeScript JSX", 0, 0, 60, 0, 0, 0, 0, 0, 3, 63
"c:\Users\elled\Documents\GitHub\banning-simulator-x\src\client\ui\stories\components\ranks\rankUpgrade.story.tsx", "TypeScript JSX", 0, 0, 14, 0, 0, 0, 0, 0, 4, 18
"c:\Users\elled\Documents\GitHub\banning-simulator-x\src\client\ui\stories\components\spinWheel.story.tsx", "TypeScript JSX", 0, 0, 14, 0, 0, 0, 0, 0, 3, 17
"c:\Users\elled\Documents\GitHub\banning-simulator-x\src\client\ui\stories\components\talismanLevelUpAnimation.story.tsx", "TypeScript JSX", 0, 0, 14, 0, 0, 0, 0, 0, 3, 17
"c:\Users\elled\Documents\GitHub\banning-simulator-x\src\client\ui\stories\components\teleportation.story.tsx", "TypeScript JSX", 0, 0, 25, 0, 0, 0, 0, 0, 3, 28
"c:\Users\elled\Documents\GitHub\banning-simulator-x\src\client\ui\stories\components\weaponEquip.story.tsx", "TypeScript JSX", 0, 0, 14, 0, 0, 0, 0, 0, 3, 17
"c:\Users\elled\Documents\GitHub\banning-simulator-x\src\client\ui\stories\components\weaponLevelUpAnimation.story.tsx", "TypeScript JSX", 0, 0, 14, 0, 0, 0, 0, 0, 3, 17
"c:\Users\elled\Documents\GitHub\banning-simulator-x\src\client\ui\stories\components\zones\purchaseZone.story.tsx", "TypeScript JSX", 0, 0, 14, 0, 0, 0, 0, 0, 3, 17
"c:\Users\elled\Documents\GitHub\banning-simulator-x\src\client\ui\stories\components\zones\zones.story.tsx", "TypeScript JSX", 0, 0, 9, 0, 0, 0, 0, 0, 3, 12
"c:\Users\elled\Documents\GitHub\banning-simulator-x\src\client\ui\stories\createMockStory.tsx", "TypeScript JSX", 0, 0, 31, 0, 0, 0, 0, 10, 6, 47
"c:\Users\elled\Documents\GitHub\banning-simulator-x\src\client\ui\stories\elements\petFrame.story.tsx", "TypeScript JSX", 0, 0, 11, 0, 0, 0, 0, 0, 4, 15
"c:\Users\elled\Documents\GitHub\banning-simulator-x\src\client\util\formatTime.ts", "TypeScript", 0, 0, 0, 15, 0, 0, 0, 10, 6, 31
"c:\Users\elled\Documents\GitHub\banning-simulator-x\src\client\util\getCurrencyIcon.ts", "TypeScript", 0, 0, 0, 12, 0, 0, 0, 4, 2, 18
"c:\Users\elled\Documents\GitHub\banning-simulator-x\src\client\util\getCurrentWorld.ts", "TypeScript", 0, 0, 0, 46, 0, 0, 0, 5, 14, 65
"c:\Users\elled\Documents\GitHub\banning-simulator-x\src\client\util\getEggImage.ts", "TypeScript", 0, 0, 0, 8, 0, 0, 0, 4, 4, 16
"c:\Users\elled\Documents\GitHub\banning-simulator-x\src\client\util\getPetDecal.ts", "TypeScript", 0, 0, 0, 13, 0, 0, 0, 7, 6, 26
"c:\Users\elled\Documents\GitHub\banning-simulator-x\src\client\util\getPetImage.ts", "TypeScript", 0, 0, 0, 13, 0, 0, 0, 7, 6, 26
"c:\Users\elled\Documents\GitHub\banning-simulator-x\src\client\util\getRankIcon.ts", "TypeScript", 0, 0, 0, 9, 0, 0, 0, 4, 3, 16
"c:\Users\elled\Documents\GitHub\banning-simulator-x\src\client\util\getRankProgress.ts", "TypeScript", 0, 0, 0, 16, 0, 0, 0, 5, 4, 25
"c:\Users\elled\Documents\GitHub\banning-simulator-x\src\client\util\getTalismanDecal.ts", "TypeScript", 0, 0, 0, 14, 0, 0, 0, 7, 5, 26
"c:\Users\elled\Documents\GitHub\banning-simulator-x\src\client\util\getWeaponDecal.ts", "TypeScript", 0, 0, 0, 8, 0, 0, 0, 6, 4, 18
"c:\Users\elled\Documents\GitHub\banning-simulator-x\src\client\util\getWorldImage.ts", "TypeScript", 0, 0, 0, 6, 0, 0, 0, 6, 2, 14
"c:\Users\elled\Documents\GitHub\banning-simulator-x\src\client\util\playSound.ts", "TypeScript", 0, 0, 0, 47, 0, 0, 0, 5, 11, 63
"c:\Users\elled\Documents\GitHub\banning-simulator-x\src\server\handlers\accolades\claimAccolade.server.ts", "TypeScript", 0, 0, 0, 49, 0, 0, 0, 3, 7, 59
"c:\Users\elled\Documents\GitHub\banning-simulator-x\src\server\handlers\admin\kickPlayer.server.ts", "TypeScript", 0, 0, 0, 17, 0, 0, 0, 0, 4, 21
"c:\Users\elled\Documents\GitHub\banning-simulator-x\src\server\handlers\admin\modifyCurrency.server.ts", "TypeScript", 0, 0, 0, 19, 0, 0, 0, 0, 5, 24
"c:\Users\elled\Documents\GitHub\banning-simulator-x\src\server\handlers\admin\modifyPetLevel.server.ts", "TypeScript", 0, 0, 0, 21, 0, 0, 0, 0, 6, 27
"c:\Users\elled\Documents\GitHub\banning-simulator-x\src\server\handlers\admin\modifyRank.server.ts", "TypeScript", 0, 0, 0, 22, 0, 0, 0, 0, 6, 28
"c:\Users\elled\Documents\GitHub\banning-simulator-x\src\server\handlers\admin\modifyTalismanLevel.server.ts", "TypeScript", 0, 0, 0, 23, 0, 0, 0, 0, 6, 29
"c:\Users\elled\Documents\GitHub\banning-simulator-x\src\server\handlers\admin\modifyWeaponLevel.server.ts", "TypeScript", 0, 0, 0, 21, 0, 0, 0, 0, 6, 27
"c:\Users\elled\Documents\GitHub\banning-simulator-x\src\server\handlers\admin\shutdownServer.server.ts", "TypeScript", 0, 0, 0, 21, 0, 0, 0, 1, 3, 25
"c:\Users\elled\Documents\GitHub\banning-simulator-x\src\server\handlers\admin\spawnPet.server.ts", "TypeScript", 0, 0, 0, 40, 0, 0, 0, 0, 7, 47
"c:\Users\elled\Documents\GitHub\banning-simulator-x\src\server\handlers\bloxbanService.server.ts", "TypeScript", 0, 0, 0, 75, 0, 0, 0, 15, 21, 111
"c:\Users\elled\Documents\GitHub\banning-simulator-x\src\server\handlers\datastoreEvents\events.server.ts", "TypeScript", 0, 0, 0, 41, 0, 0, 0, 5, 12, 58
"c:\Users\elled\Documents\GitHub\banning-simulator-x\src\server\handlers\datastoreEvents\petStore.server.ts", "TypeScript", 0, 0, 0, 74, 0, 0, 0, 8, 21, 103
"c:\Users\elled\Documents\GitHub\banning-simulator-x\src\server\handlers\eggs.server.ts", "TypeScript", 0, 0, 0, 151, 0, 0, 0, 16, 28, 195
"c:\Users\elled\Documents\GitHub\banning-simulator-x\src\server\handlers\fusion.server.ts", "TypeScript", 0, 0, 0, 75, 0, 0, 0, 3, 11, 89
"c:\Users\elled\Documents\GitHub\banning-simulator-x\src\server\handlers\gamepasses.server.ts", "TypeScript", 0, 0, 0, 24, 0, 0, 0, 0, 7, 31
"c:\Users\elled\Documents\GitHub\banning-simulator-x\src\server\handlers\marketplace.server.ts", "TypeScript", 0, 0, 0, 47, 0, 0, 0, 3, 10, 60
"c:\Users\elled\Documents\GitHub\banning-simulator-x\src\server\handlers\media\codes.server.ts", "TypeScript", 0, 0, 0, 6, 0, 0, 0, 0, 3, 9
"c:\Users\elled\Documents\GitHub\banning-simulator-x\src\server\handlers\media\discord.server.ts", "TypeScript", 0, 0, 0, 6, 0, 0, 0, 0, 3, 9
"c:\Users\elled\Documents\GitHub\banning-simulator-x\src\server\handlers\npcs.server.ts", "TypeScript", 0, 0, 0, 84, 0, 0, 0, 6, 19, 109
"c:\Users\elled\Documents\GitHub\banning-simulator-x\src\server\handlers\petMastery\claimMastery.server.ts", "TypeScript", 0, 0, 0, 106, 0, 0, 0, 3, 12, 121
"c:\Users\elled\Documents\GitHub\banning-simulator-x\src\server\handlers\petMastery\toggleMasteryCosmetic.server.ts", "TypeScript", 0, 0, 0, 43, 0, 0, 0, 2, 10, 55
"c:\Users\elled\Documents\GitHub\banning-simulator-x\src\server\handlers\pets\changePetTeamName.server.ts", "TypeScript", 0, 0, 0, 24, 0, 0, 0, 2, 6, 32
"c:\Users\elled\Documents\GitHub\banning-simulator-x\src\server\handlers\pets\createPetTeam.server.ts", "TypeScript", 0, 0, 0, 22, 0, 0, 0, 3, 6, 31
"c:\Users\elled\Documents\GitHub\banning-simulator-x\src\server\handlers\pets\deletePet.server.ts", "TypeScript", 0, 0, 0, 23, 0, 0, 0, 0, 6, 29
"c:\Users\elled\Documents\GitHub\banning-simulator-x\src\server\handlers\pets\deletePetTeam.server.ts", "TypeScript", 0, 0, 0, 15, 0, 0, 0, 2, 4, 21
"c:\Users\elled\Documents\GitHub\banning-simulator-x\src\server\handlers\pets\enhancePet.server.ts", "TypeScript", 0, 0, 0, 74, 0, 0, 0, 4, 13, 91
"c:\Users\elled\Documents\GitHub\banning-simulator-x\src\server\handlers\pets\equipPet.server.ts", "TypeScript", 0, 0, 0, 27, 0, 0, 0, 3, 7, 37
"c:\Users\elled\Documents\GitHub\banning-simulator-x\src\server\handlers\pets\lockPet.server.ts", "TypeScript", 0, 0, 0, 19, 0, 0, 0, 2, 5, 26
"c:\Users\elled\Documents\GitHub\banning-simulator-x\src\server\handlers\purchaseZone.server.ts", "TypeScript", 0, 0, 0, 67, 0, 0, 0, 1, 13, 81
"c:\Users\elled\Documents\GitHub\banning-simulator-x\src\server\handlers\quests\redeemQuest.server.ts", "TypeScript", 0, 0, 0, 4, 0, 0, 0, 0, 3, 7
"c:\Users\elled\Documents\GitHub\banning-simulator-x\src\server\handlers\ranks.server.ts", "TypeScript", 0, 0, 0, 19, 0, 0, 0, 2, 6, 27
"c:\Users\elled\Documents\GitHub\banning-simulator-x\src\server\handlers\settings\autoDelete\easyLegendaries.server.ts", "TypeScript", 0, 0, 0, 7, 0, 0, 0, 0, 2, 9
"c:\Users\elled\Documents\GitHub\banning-simulator-x\src\server\handlers\settings\autoDelete\rarities.server.ts", "TypeScript", 0, 0, 0, 7, 0, 0, 0, 0, 2, 9
"c:\Users\elled\Documents\GitHub\banning-simulator-x\src\server\handlers\settings\gameplay\autoHatch.server.ts", "TypeScript", 0, 0, 0, 5, 0, 0, 0, 0, 2, 7
"c:\Users\elled\Documents\GitHub\banning-simulator-x\src\server\handlers\settings\gameplay\walkspeed.server.ts", "TypeScript", 0, 0, 0, 27, 0, 0, 0, 0, 6, 33
"c:\Users\elled\Documents\GitHub\banning-simulator-x\src\server\handlers\settings\privacy\publicInventory.server.ts", "TypeScript", 0, 0, 0, 7, 0, 0, 0, 0, 2, 9
"c:\Users\elled\Documents\GitHub\banning-simulator-x\src\server\handlers\settings\privacy\publicTrades.server.ts", "TypeScript", 0, 0, 0, 7, 0, 0, 0, 0, 2, 9
"c:\Users\elled\Documents\GitHub\banning-simulator-x\src\server\handlers\settings\sound\buttonSFX.server.ts", "TypeScript", 0, 0, 0, 9, 0, 0, 0, 0, 2, 11
"c:\Users\elled\Documents\GitHub\banning-simulator-x\src\server\handlers\settings\sound\music.server.ts", "TypeScript", 0, 0, 0, 7, 0, 0, 0, 0, 2, 9
"c:\Users\elled\Documents\GitHub\banning-simulator-x\src\server\handlers\settings\sound\sfx.server.ts", "TypeScript", 0, 0, 0, 9, 0, 0, 0, 0, 2, 11
"c:\Users\elled\Documents\GitHub\banning-simulator-x\src\server\handlers\settings\visual\graphics.server.ts", "TypeScript", 0, 0, 0, 5, 0, 0, 0, 0, 2, 7
"c:\Users\elled\Documents\GitHub\banning-simulator-x\src\server\handlers\settings\visual\petAnimation.server.ts", "TypeScript", 0, 0, 0, 9, 0, 0, 0, 0, 2, 11
"c:\Users\elled\Documents\GitHub\banning-simulator-x\src\server\handlers\settings\visual\petDistance.server.ts", "TypeScript", 0, 0, 0, 9, 0, 0, 0, 0, 2, 11
"c:\Users\elled\Documents\GitHub\banning-simulator-x\src\server\handlers\settings\visual\petsDisplayed.server.ts", "TypeScript", 0, 0, 0, 9, 0, 0, 0, 0, 2, 11
"c:\Users\elled\Documents\GitHub\banning-simulator-x\src\server\handlers\settings\visual\timeOfDay.server.ts", "TypeScript", 0, 0, 0, 5, 0, 0, 0, 0, 2, 7
"c:\Users\elled\Documents\GitHub\banning-simulator-x\src\server\handlers\spinWheel.server.ts", "TypeScript", 0, 0, 0, 5, 0, 0, 0, 0, 2, 7
"c:\Users\elled\Documents\GitHub\banning-simulator-x\src\server\handlers\talismans\equipTalisman.server.ts", "TypeScript", 0, 0, 0, 14, 0, 0, 0, 0, 3, 17
"c:\Users\elled\Documents\GitHub\banning-simulator-x\src\server\handlers\talismans\purchaseTalisman.server.ts", "TypeScript", 0, 0, 0, 6, 0, 0, 0, 0, 2, 8
"c:\Users\elled\Documents\GitHub\banning-simulator-x\src\server\handlers\talismans\unequipTalisman.server.ts", "TypeScript", 0, 0, 0, 6, 0, 0, 0, 0, 2, 8
"c:\Users\elled\Documents\GitHub\banning-simulator-x\src\server\handlers\timePlayed.server.ts", "TypeScript", 0, 0, 0, 23, 0, 0, 0, 2, 3, 28
"c:\Users\elled\Documents\GitHub\banning-simulator-x\src\server\handlers\titles\chatHandler.server.lua", "Lua", 0, 0, 0, 0, 0, 0, 59, 4, 11, 74
"c:\Users\elled\Documents\GitHub\banning-simulator-x\src\server\handlers\titles\equipTitle.server.ts", "TypeScript", 0, 0, 0, 6, 0, 0, 0, 0, 3, 9
"c:\Users\elled\Documents\GitHub\banning-simulator-x\src\server\handlers\trading\tradeRequests.server.ts", "TypeScript", 0, 0, 0, 39, 0, 0, 0, 0, 10, 49
"c:\Users\elled\Documents\GitHub\banning-simulator-x\src\server\handlers\weapons\purchaseWeapon.server.ts", "TypeScript", 0, 0, 0, 6, 0, 0, 0, 0, 3, 9
"c:\Users\elled\Documents\GitHub\banning-simulator-x\src\server\handlers\weapons\weapons.server.ts", "TypeScript", 0, 0, 0, 63, 0, 0, 0, 9, 23, 95
"c:\Users\elled\Documents\GitHub\banning-simulator-x\src\server\modules\datastoreCaches\petExistStore.ts", "TypeScript", 0, 0, 0, 53, 0, 0, 0, 22, 15, 90
"c:\Users\elled\Documents\GitHub\banning-simulator-x\src\server\modules\net\withPlayerStore.ts", "TypeScript", 0, 0, 0, 13, 0, 0, 0, 6, 3, 22
"c:\Users\elled\Documents\GitHub\banning-simulator-x\src\server\modules\npcs\getNpcCharacter.ts", "TypeScript", 0, 0, 0, 8, 0, 0, 0, 6, 3, 17
"c:\Users\elled\Documents\GitHub\banning-simulator-x\src\server\modules\npcs\getNpcFolder.ts", "TypeScript", 0, 0, 0, 7, 0, 0, 0, 5, 3, 15
"c:\Users\elled\Documents\GitHub\banning-simulator-x\src\server\modules\npcs\getRandomCFrame.ts", "TypeScript", 0, 0, 0, 3, 0, 0, 0, 8, 1, 12
"c:\Users\elled\Documents\GitHub\banning-simulator-x\src\server\modules\npcs\runStep.ts", "TypeScript", 0, 0, 0, 236, 0, 0, 0, 114, 52, 402
"c:\Users\elled\Documents\GitHub\banning-simulator-x\src\server\modules\npcs\worldState.ts", "TypeScript", 0, 0, 0, 23, 0, 0, 0, 0, 4, 27
"c:\Users\elled\Documents\GitHub\banning-simulator-x\src\server\modules\pets\rollEnhancement.ts", "TypeScript", 0, 0, 0, 80, 0, 0, 0, 6, 18, 104
"c:\Users\elled\Documents\GitHub\banning-simulator-x\src\server\modules\rodux\equipTalisman.ts", "TypeScript", 0, 0, 0, 21, 0, 0, 0, 8, 6, 35
"c:\Users\elled\Documents\GitHub\banning-simulator-x\src\server\modules\rodux\equipTitle.ts", "TypeScript", 0, 0, 0, 11, 0, 0, 0, 12, 4, 27
"c:\Users\elled\Documents\GitHub\banning-simulator-x\src\server\modules\rodux\middlewares\replicationMiddleware.ts", "TypeScript", 0, 0, 0, 12, 0, 0, 0, 6, 4, 22
"c:\Users\elled\Documents\GitHub\banning-simulator-x\src\server\modules\rodux\purchaseTalisman.ts", "TypeScript", 0, 0, 0, 35, 0, 0, 0, 6, 7, 48
"c:\Users\elled\Documents\GitHub\banning-simulator-x\src\server\modules\rodux\purchaseWeapon.ts", "TypeScript", 0, 0, 0, 24, 0, 0, 0, 12, 7, 43
"c:\Users\elled\Documents\GitHub\banning-simulator-x\src\server\modules\rodux\redeemCode.ts", "TypeScript", 0, 0, 0, 114, 0, 0, 0, 7, 6, 127
"c:\Users\elled\Documents\GitHub\banning-simulator-x\src\server\modules\rodux\redeemQuest.ts", "TypeScript", 0, 0, 0, 50, 0, 0, 0, 12, 8, 70
"c:\Users\elled\Documents\GitHub\banning-simulator-x\src\server\modules\rodux\spinWheel.ts", "TypeScript", 0, 0, 0, 35, 0, 0, 0, 10, 12, 57
"c:\Users\elled\Documents\GitHub\banning-simulator-x\src\server\modules\rodux\tests\equipTitle.spec.ts", "TypeScript", 0, 0, 0, 4, 0, 0, 0, 49, 3, 56
"c:\Users\elled\Documents\GitHub\banning-simulator-x\src\server\modules\rodux\tests\equipWeapon.spec.ts", "TypeScript", 0, 0, 0, 29, 0, 0, 0, 1, 6, 36
"c:\Users\elled\Documents\GitHub\banning-simulator-x\src\server\modules\rodux\tests\purchaseWeapon.spec.ts", "TypeScript", 0, 0, 0, 59, 0, 0, 0, 4, 18, 81
"c:\Users\elled\Documents\GitHub\banning-simulator-x\src\server\modules\rodux\tests\redeemQuest.spec.ts", "TypeScript", 0, 0, 0, 41, 0, 0, 0, 3, 13, 57
"c:\Users\elled\Documents\GitHub\banning-simulator-x\src\server\modules\rodux\verifyDiscord.ts", "TypeScript", 0, 0, 0, 67, 0, 0, 0, 11, 8, 86
"c:\Users\elled\Documents\GitHub\banning-simulator-x\src\server\playerStore.ts", "TypeScript", 0, 0, 0, 68, 0, 0, 0, 35, 22, 125
"c:\Users\elled\Documents\GitHub\banning-simulator-x\src\server\util\getPetPercentages.ts", "TypeScript", 0, 0, 0, 117, 0, 0, 0, 11, 14, 142
"c:\Users\elled\Documents\GitHub\banning-simulator-x\src\shared\assetTags.ts", "TypeScript", 0, 0, 0, 5, 0, 0, 0, 0, 1, 6
"c:\Users\elled\Documents\GitHub\banning-simulator-x\src\shared\assets.d.ts", "TypeScript", 0, 0, 0, 591, 0, 0, 0, 0, 2, 593
"c:\Users\elled\Documents\GitHub\banning-simulator-x\src\shared\assets.lua", "Lua", 0, 0, 0, 0, 0, 0, 590, 1, 0, 591
"c:\Users\elled\Documents\GitHub\banning-simulator-x\src\shared\configs\accolades.ts", "TypeScript", 0, 0, 0, 321, 0, 0, 0, 2, 28, 351
"c:\Users\elled\Documents\GitHub\banning-simulator-x\src\shared\configs\accountMastery.ts", "TypeScript", 0, 0, 0, 293, 0, 0, 0, 4, 8, 305
"c:\Users\elled\Documents\GitHub\banning-simulator-x\src\shared\configs\admin.ts", "TypeScript", 0, 0, 0, 11, 0, 0, 0, 0, 2, 13
"c:\Users\elled\Documents\GitHub\banning-simulator-x\src\shared\configs\currencies.ts", "TypeScript", 0, 0, 0, 19, 0, 0, 0, 0, 5, 24
"c:\Users\elled\Documents\GitHub\banning-simulator-x\src\shared\configs\eggs.ts", "TypeScript", 0, 0, 0, 110, 0, 0, 0, 30, 12, 152
"c:\Users\elled\Documents\GitHub\banning-simulator-x\src\shared\configs\enchantments.ts", "TypeScript", 0, 0, 0, 197, 0, 0, 0, 2, 10, 209
"c:\Users\elled\Documents\GitHub\banning-simulator-x\src\shared\configs\game.ts", "TypeScript", 0, 0, 0, 113, 0, 0, 0, 5, 7, 125
"c:\Users\elled\Documents\GitHub\banning-simulator-x\src\shared\configs\petMastery.ts", "TypeScript", 0, 0, 0, 430, 0, 0, 0, 0, 5, 435
"c:\Users\elled\Documents\GitHub\banning-simulator-x\src\shared\configs\pets\armored.ts", "TypeScript", 0, 0, 0, 83, 0, 0, 0, 3, 2, 88
"c:\Users\elled\Documents\GitHub\banning-simulator-x\src\shared\configs\pets\candy.ts", "TypeScript", 0, 0, 0, 83, 0, 0, 0, 3, 2, 88
"c:\Users\elled\Documents\GitHub\banning-simulator-x\src\shared\configs\pets\city.ts", "TypeScript", 0, 0, 0, 51, 0, 0, 0, 3, 2, 56
"c:\Users\elled\Documents\GitHub\banning-simulator-x\src\shared\configs\pets\corrupt.ts", "TypeScript", 0, 0, 0, 83, 0, 0, 0, 3, 2, 88
"c:\Users\elled\Documents\GitHub\banning-simulator-x\src\shared\configs\pets\cyber.ts", "TypeScript", 0, 0, 0, 83, 0, 0, 0, 3, 2, 88
"c:\Users\elled\Documents\GitHub\banning-simulator-x\src\shared\configs\pets\desert.ts", "TypeScript", 0, 0, 0, 67, 0, 0, 0, 3, 2, 72
"c:\Users\elled\Documents\GitHub\banning-simulator-x\src\shared\configs\pets\honeycomb.ts", "TypeScript", 0, 0, 0, 75, 0, 0, 0, 3, 2, 80
"c:\Users\elled\Documents\GitHub\banning-simulator-x\src\shared\configs\pets\index.ts", "TypeScript", 0, 0, 0, 88, 0, 0, 0, 25, 13, 126
"c:\Users\elled\Documents\GitHub\banning-simulator-x\src\shared\configs\pets\molten.ts", "TypeScript", 0, 0, 0, 83, 0, 0, 0, 3, 2, 88
"c:\Users\elled\Documents\GitHub\banning-simulator-x\src\shared\configs\pets\royalty.ts", "TypeScript", 0, 0, 0, 27, 0, 0, 0, 3, 2, 32
"c:\Users\elled\Documents\GitHub\banning-simulator-x\src\shared\configs\pets\starter.ts", "TypeScript", 0, 0, 0, 51, 0, 0, 0, 3, 2, 56
"c:\Users\elled\Documents\GitHub\banning-simulator-x\src\shared\configs\quests\index.ts", "TypeScript", 0, 0, 0, 80, 0, 0, 0, 24, 11, 115
"c:\Users\elled\Documents\GitHub\banning-simulator-x\src\shared\configs\ranks.ts", "TypeScript", 0, 0, 0, 111, 0, 0, 0, 0, 8, 119
"c:\Users\elled\Documents\GitHub\banning-simulator-x\src\shared\configs\rarities.ts", "TypeScript", 0, 0, 0, 93, 0, 0, 0, 0, 3, 96
"c:\Users\elled\Documents\GitHub\banning-simulator-x\src\shared\configs\spinWheel.ts", "TypeScript", 0, 0, 0, 18, 0, 0, 0, 0, 4, 22
"c:\Users\elled\Documents\GitHub\banning-simulator-x\src\shared\configs\talismans.ts", "TypeScript", 0, 0, 0, 156, 0, 0, 0, 0, 10, 166
"c:\Users\elled\Documents\GitHub\banning-simulator-x\src\shared\configs\titles.ts", "TypeScript", 0, 0, 0, 726, 0, 0, 0, 15, 45, 786
"c:\Users\elled\Documents\GitHub\banning-simulator-x\src\shared\configs\weapons.ts", "TypeScript", 0, 0, 0, 349, 0, 0, 0, 0, 12, 361
"c:\Users\elled\Documents\GitHub\banning-simulator-x\src\shared\configs\worlds.ts", "TypeScript", 0, 0, 0, 22, 0, 0, 0, 14, 6, 42
"c:\Users\elled\Documents\GitHub\banning-simulator-x\src\shared\configs\zones\banLand\index.ts", "TypeScript", 0, 0, 0, 91, 0, 0, 0, 12, 12, 115
"c:\Users\elled\Documents\GitHub\banning-simulator-x\src\shared\configs\zones\banLand\npcs.ts", "TypeScript", 0, 0, 0, 206, 0, 0, 0, 6, 5, 217
"c:\Users\elled\Documents\GitHub\banning-simulator-x\src\shared\configs\zones\index.ts", "TypeScript", 0, 0, 0, 37, 0, 0, 0, 10, 11, 58
"c:\Users\elled\Documents\GitHub\banning-simulator-x\src\shared\gameDefinitions\ReplicatedStorage.d.ts", "TypeScript", 0, 0, 0, 151, 0, 0, 0, 0, 2, 153
"c:\Users\elled\Documents\GitHub\banning-simulator-x\src\shared\gameDefinitions\Workspace.d.ts", "TypeScript", 0, 0, 0, 95, 0, 0, 0, 0, 2, 97
"c:\Users\elled\Documents\GitHub\banning-simulator-x\src\shared\mocks\assertDeepEqual.d.ts", "TypeScript", 0, 0, 0, 1, 0, 0, 0, 6, 1, 8
"c:\Users\elled\Documents\GitHub\banning-simulator-x\src\shared\mocks\assertDeepEqual.lua", "Lua", 0, 0, 0, 0, 0, 0, 53, 1, 19, 73
"c:\Users\elled\Documents\GitHub\banning-simulator-x\src\shared\mocks\middleware\spyMiddleware.ts", "TypeScript", 0, 0, 0, 17, 0, 0, 0, 6, 4, 27
"c:\Users\elled\Documents\GitHub\banning-simulator-x\src\shared\mocks\player.ts", "TypeScript", 0, 0, 0, 6, 0, 0, 0, 5, 4, 15
"c:\Users\elled\Documents\GitHub\banning-simulator-x\src\shared\modules\raycastModule\goodSignal.lua", "Lua", 0, 0, 0, 0, 0, 0, 97, 51, 19, 167
"c:\Users\elled\Documents\GitHub\banning-simulator-x\src\shared\modules\raycastModule\hitboxCaster.lua", "Lua", 0, 0, 0, 0, 0, 0, 247, 52, 60, 359
"c:\Users\elled\Documents\GitHub\banning-simulator-x\src\shared\modules\raycastModule\index.d.ts", "TypeScript", 0, 0, 0, 22, 0, 0, 0, 3, 5, 30
"c:\Users\elled\Documents\GitHub\banning-simulator-x\src\shared\modules\raycastModule\init.lua", "Lua", 0, 0, 0, 0, 0, 0, 121, 55, 55, 231
"c:\Users\elled\Documents\GitHub\banning-simulator-x\src\shared\modules\raycastModule\solvers\attachment.lua", "Lua", 0, 0, 0, 0, 0, 0, 16, 6, 8, 30
"c:\Users\elled\Documents\GitHub\banning-simulator-x\src\shared\modules\raycastModule\solvers\bone.lua", "Lua", 0, 0, 0, 0, 0, 0, 22, 7, 11, 40
"c:\Users\elled\Documents\GitHub\banning-simulator-x\src\shared\modules\raycastModule\solvers\linkAttachments.lua", "Lua", 0, 0, 0, 0, 0, 0, 13, 5, 7, 25
"c:\Users\elled\Documents\GitHub\banning-simulator-x\src\shared\modules\raycastModule\solvers\vector3.lua", "Lua", 0, 0, 0, 0, 0, 0, 21, 7, 11, 39
"c:\Users\elled\Documents\GitHub\banning-simulator-x\src\shared\modules\raycastModule\visualizerCache.lua", "Lua", 0, 0, 0, 0, 0, 0, 55, 14, 16, 85
"c:\Users\elled\Documents\GitHub\banning-simulator-x\src\shared\modules\uiStrokeAdjuster\index.d.ts", "TypeScript", 0, 0, 0, 6, 0, 0, 0, 0, 2, 8
"c:\Users\elled\Documents\GitHub\banning-simulator-x\src\shared\modules\uiStrokeAdjuster\init.lua", "Lua", 0, 0, 0, 0, 0, 0, 102, 34, 28, 164
"c:\Users\elled\Documents\GitHub\banning-simulator-x\src\shared\remotes\accolades\claimAccolade.ts", "TypeScript", 0, 0, 0, 11, 0, 0, 0, 0, 3, 14
"c:\Users\elled\Documents\GitHub\banning-simulator-x\src\shared\remotes\accolades\index.ts", "TypeScript", 0, 0, 0, 5, 0, 0, 0, 0, 3, 8
"c:\Users\elled\Documents\GitHub\banning-simulator-x\src\shared\remotes\admin\index.ts", "TypeScript", 0, 0, 0, 19, 0, 0, 0, 0, 3, 22
"c:\Users\elled\Documents\GitHub\banning-simulator-x\src\shared\remotes\admin\kickPlayer.ts", "TypeScript", 0, 0, 0, 3, 0, 0, 0, 0, 2, 5
"c:\Users\elled\Documents\GitHub\banning-simulator-x\src\shared\remotes\admin\modifyCurrency.ts", "TypeScript", 0, 0, 0, 6, 0, 0, 0, 0, 2, 8
"c:\Users\elled\Documents\GitHub\banning-simulator-x\src\shared\remotes\admin\modifyPetLevel.ts", "TypeScript", 0, 0, 0, 11, 0, 0, 0, 0, 2, 13
"c:\Users\elled\Documents\GitHub\banning-simulator-x\src\shared\remotes\admin\modifyRank.ts", "TypeScript", 0, 0, 0, 5, 0, 0, 0, 0, 2, 7
"c:\Users\elled\Documents\GitHub\banning-simulator-x\src\shared\remotes\admin\modifyTalismanLevel.ts", "TypeScript", 0, 0, 0, 12, 0, 0, 0, 0, 2, 14
"c:\Users\elled\Documents\GitHub\banning-simulator-x\src\shared\remotes\admin\modifyWeaponLevel.ts", "TypeScript", 0, 0, 0, 11, 0, 0, 0, 0, 2, 13
"c:\Users\elled\Documents\GitHub\banning-simulator-x\src\shared\remotes\admin\shutdownServer.ts", "TypeScript", 0, 0, 0, 3, 0, 0, 0, 0, 2, 5
"c:\Users\elled\Documents\GitHub\banning-simulator-x\src\shared\remotes\admin\spawnPet.ts", "TypeScript", 0, 0, 0, 12, 0, 0, 0, 0, 2, 14
"c:\Users\elled\Documents\GitHub\banning-simulator-x\src\shared\remotes\damageNPC.ts", "TypeScript", 0, 0, 0, 12, 0, 0, 0, 0, 3, 15
"c:\Users\elled\Documents\GitHub\banning-simulator-x\src\shared\remotes\eggs\hatchEgg.ts", "TypeScript", 0, 0, 0, 15, 0, 0, 0, 0, 3, 18
"c:\Users\elled\Documents\GitHub\banning-simulator-x\src\shared\remotes\eggs\index.ts", "TypeScript", 0, 0, 0, 5, 0, 0, 0, 0, 3, 8
"c:\Users\elled\Documents\GitHub\banning-simulator-x\src\shared\remotes\equipTitle.ts", "TypeScript", 0, 0, 0, 7, 0, 0, 0, 0, 2, 9
"c:\Users\elled\Documents\GitHub\banning-simulator-x\src\shared\remotes\fusing.ts", "TypeScript", 0, 0, 0, 13, 0, 0, 0, 0, 4, 17
"c:\Users\elled\Documents\GitHub\banning-simulator-x\src\shared\remotes\index.ts", "TypeScript", 0, 0, 0, 41, 0, 0, 0, 0, 4, 45
"c:\Users\elled\Documents\GitHub\banning-simulator-x\src\shared\remotes\media\index.ts", "TypeScript", 0, 0, 0, 7, 0, 0, 0, 0, 3, 10
"c:\Users\elled\Documents\GitHub\banning-simulator-x\src\shared\remotes\media\redeemCode.ts", "TypeScript", 0, 0, 0, 11, 0, 0, 0, 0, 3, 14
"c:\Users\elled\Documents\GitHub\banning-simulator-x\src\shared\remotes\media\verifyDiscord.ts", "TypeScript", 0, 0, 0, 12, 0, 0, 0, 0, 3, 15
"c:\Users\elled\Documents\GitHub\banning-simulator-x\src\shared\remotes\petMastery\claimMastery.ts", "TypeScript", 0, 0, 0, 22, 0, 0, 0, 0, 3, 25
"c:\Users\elled\Documents\GitHub\banning-simulator-x\src\shared\remotes\petMastery\index.ts", "TypeScript", 0, 0, 0, 7, 0, 0, 0, 0, 3, 10
"c:\Users\elled\Documents\GitHub\banning-simulator-x\src\shared\remotes\petMastery\toggleCosmetic.ts", "TypeScript", 0, 0, 0, 8, 0, 0, 0, 0, 2, 10
"c:\Users\elled\Documents\GitHub\banning-simulator-x\src\shared\remotes\pets\changePetTeamName.ts", "TypeScript", 0, 0, 0, 7, 0, 0, 0, 0, 2, 9
"c:\Users\elled\Documents\GitHub\banning-simulator-x\src\shared\remotes\pets\createPetTeam.ts", "TypeScript", 0, 0, 0, 3, 0, 0, 0, 0, 2, 5
"c:\Users\elled\Documents\GitHub\banning-simulator-x\src\shared\remotes\pets\deletePetTeam.ts", "TypeScript", 0, 0, 0, 7, 0, 0, 0, 0, 2, 9
"c:\Users\elled\Documents\GitHub\banning-simulator-x\src\shared\remotes\pets\deletePets.ts", "TypeScript", 0, 0, 0, 3, 0, 0, 0, 0, 2, 5
"c:\Users\elled\Documents\GitHub\banning-simulator-x\src\shared\remotes\pets\enhancePet.ts", "TypeScript", 0, 0, 0, 14, 0, 0, 0, 0, 3, 17
"c:\Users\elled\Documents\GitHub\banning-simulator-x\src\shared\remotes\pets\equipPets.ts", "TypeScript", 0, 0, 0, 5, 0, 0, 0, 0, 2, 7
"c:\Users\elled\Documents\GitHub\banning-simulator-x\src\shared\remotes\pets\index.ts", "TypeScript", 0, 0, 0, 17, 0, 0, 0, 0, 3, 20
"c:\Users\elled\Documents\GitHub\banning-simulator-x\src\shared\remotes\pets\lockPets.ts", "TypeScript", 0, 0, 0, 5, 0, 0, 0, 0, 2, 7
"c:\Users\elled\Documents\GitHub\banning-simulator-x\src\shared\remotes\purchaseZone.ts", "TypeScript", 0, 0, 0, 16, 0, 0, 0, 0, 4, 20
"c:\Users\elled\Documents\GitHub\banning-simulator-x\src\shared\remotes\redeemQuest.ts", "TypeScript", 0, 0, 0, 7, 0, 0, 0, 0, 2, 9
"c:\Users\elled\Documents\GitHub\banning-simulator-x\src\shared\remotes\rodux\getStoreState.ts", "TypeScript", 0, 0, 0, 4, 0, 0, 0, 0, 2, 6
"c:\Users\elled\Documents\GitHub\banning-simulator-x\src\shared\remotes\rodux\index.ts", "TypeScript", 0, 0, 0, 7, 0, 0, 0, 0, 3, 10
"c:\Users\elled\Documents\GitHub\banning-simulator-x\src\shared\remotes\rodux\storeChange.ts", "TypeScript", 0, 0, 0, 3, 0, 0, 0, 0, 2, 5
"c:\Users\elled\Documents\GitHub\banning-simulator-x\src\shared\remotes\settings\autoDelete\index.ts", "TypeScript", 0, 0, 0, 7, 0, 0, 0, 0, 3, 10
"c:\Users\elled\Documents\GitHub\banning-simulator-x\src\shared\remotes\settings\autoDelete\toggleAutoDelete.ts", "TypeScript", 0, 0, 0, 9, 0, 0, 0, 0, 2, 11
"c:\Users\elled\Documents\GitHub\banning-simulator-x\src\shared\remotes\settings\autoDelete\toggleEasyLegendariesAutoDelete.ts", "TypeScript", 0, 0, 0, 3, 0, 0, 0, 0, 2, 5
"c:\Users\elled\Documents\GitHub\banning-simulator-x\src\shared\remotes\settings\gameplay\index.ts", "TypeScript", 0, 0, 0, 7, 0, 0, 0, 0, 3, 10
"c:\Users\elled\Documents\GitHub\banning-simulator-x\src\shared\remotes\settings\gameplay\toggleAuto.ts", "TypeScript", 0, 0, 0, 3, 0, 0, 0, 0, 2, 5
"c:\Users\elled\Documents\GitHub\banning-simulator-x\src\shared\remotes\settings\gameplay\toggleWalkSpeed.ts", "TypeScript", 0, 0, 0, 7, 0, 0, 0, 0, 2, 9
"c:\Users\elled\Documents\GitHub\banning-simulator-x\src\shared\remotes\settings\index.ts", "TypeScript", 0, 0, 0, 13, 0, 0, 0, 0, 3, 16
"c:\Users\elled\Documents\GitHub\banning-simulator-x\src\shared\remotes\settings\privacy\index.ts", "TypeScript", 0, 0, 0, 7, 0, 0, 0, 0, 3, 10
"c:\Users\elled\Documents\GitHub\banning-simulator-x\src\shared\remotes\settings\privacy\publicInventory.ts", "TypeScript", 0, 0, 0, 3, 0, 0, 0, 0, 2, 5
"c:\Users\elled\Documents\GitHub\banning-simulator-x\src\shared\remotes\settings\privacy\publicTradeHistory.ts", "TypeScript", 0, 0, 0, 3, 0, 0, 0, 0, 2, 5
"c:\Users\elled\Documents\GitHub\banning-simulator-x\src\shared\remotes\settings\privacy\tradesEnabled.ts", "TypeScript", 0, 0, 0, 3, 0, 0, 0, 0, 2, 5
"c:\Users\elled\Documents\GitHub\banning-simulator-x\src\shared\remotes\settings\sound\index.ts", "TypeScript", 0, 0, 0, 9, 0, 0, 0, 0, 3, 12
"c:\Users\elled\Documents\GitHub\banning-simulator-x\src\shared\remotes\settings\sound\toggleButtonClick.ts", "TypeScript", 0, 0, 0, 7, 0, 0, 0, 0, 2, 9
"c:\Users\elled\Documents\GitHub\banning-simulator-x\src\shared\remotes\settings\sound\toggleMusicVolume.ts", "TypeScript", 0, 0, 0, 7, 0, 0, 0, 0, 2, 9
"c:\Users\elled\Documents\GitHub\banning-simulator-x\src\shared\remotes\settings\sound\toggleSoundEffectsVolume.ts", "TypeScript", 0, 0, 0, 7, 0, 0, 0, 0, 2, 9
"c:\Users\elled\Documents\GitHub\banning-simulator-x\src\shared\remotes\settings\visual\index.ts", "TypeScript", 0, 0, 0, 13, 0, 0, 0, 0, 3, 16
"c:\Users\elled\Documents\GitHub\banning-simulator-x\src\shared\remotes\settings\visual\toggleGraphics.ts", "TypeScript", 0, 0, 0, 7, 0, 0, 0, 0, 2, 9
"c:\Users\elled\Documents\GitHub\banning-simulator-x\src\shared\remotes\settings\visual\togglePetAnimationType.ts", "TypeScript", 0, 0, 0, 7, 0, 0, 0, 0, 2, 9
"c:\Users\elled\Documents\GitHub\banning-simulator-x\src\shared\remotes\settings\visual\togglePetsDisplayed.ts", "TypeScript", 0, 0, 0, 7, 0, 0, 0, 0, 2, 9
"c:\Users\elled\Documents\GitHub\banning-simulator-x\src\shared\remotes\settings\visual\togglePetsStudsOfDistance.ts", "TypeScript", 0, 0, 0, 7, 0, 0, 0, 0, 2, 9
"c:\Users\elled\Documents\GitHub\banning-simulator-x\src\shared\remotes\settings\visual\toggleTimeOfDay.ts", "TypeScript", 0, 0, 0, 7, 0, 0, 0, 0, 2, 9
"c:\Users\elled\Documents\GitHub\banning-simulator-x\src\shared\remotes\spinWheel.ts", "TypeScript", 0, 0, 0, 3, 0, 0, 0, 0, 2, 5
"c:\Users\elled\Documents\GitHub\banning-simulator-x\src\shared\remotes\spinWheelnfo.ts", "TypeScript", 0, 0, 0, 3, 0, 0, 0, 0, 2, 5
"c:\Users\elled\Documents\GitHub\banning-simulator-x\src\shared\remotes\talismans\equipTalisman.ts", "TypeScript", 0, 0, 0, 7, 0, 0, 0, 0, 2, 9
"c:\Users\elled\Documents\GitHub\banning-simulator-x\src\shared\remotes\talismans\index.ts", "TypeScript", 0, 0, 0, 9, 0, 0, 0, 0, 3, 12
"c:\Users\elled\Documents\GitHub\banning-simulator-x\src\shared\remotes\talismans\purchaseTalisman.ts", "TypeScript", 0, 0, 0, 7, 0, 0, 0, 0, 2, 9
"c:\Users\elled\Documents\GitHub\banning-simulator-x\src\shared\remotes\talismans\unequipTalisman.ts", "TypeScript", 0, 0, 0, 3, 0, 0, 0, 0, 2, 5
"c:\Users\elled\Documents\GitHub\banning-simulator-x\src\shared\remotes\trading\index.ts", "TypeScript", 0, 0, 0, 7, 0, 0, 0, 0, 3, 10
"c:\Users\elled\Documents\GitHub\banning-simulator-x\src\shared\remotes\trading\requestTrade.ts", "TypeScript", 0, 0, 0, 3, 0, 0, 0, 0, 2, 5
"c:\Users\elled\Documents\GitHub\banning-simulator-x\src\shared\remotes\trading\sendTradeRequest.ts", "TypeScript", 0, 0, 0, 3, 0, 0, 0, 0, 2, 5
"c:\Users\elled\Documents\GitHub\banning-simulator-x\src\shared\remotes\unlockRank.ts", "TypeScript", 0, 0, 0, 3, 0, 0, 0, 0, 2, 5
"c:\Users\elled\Documents\GitHub\banning-simulator-x\src\shared\remotes\weapons\changeWeapon.ts", "TypeScript", 0, 0, 0, 7, 0, 0, 0, 0, 2, 9
"c:\Users\elled\Documents\GitHub\banning-simulator-x\src\shared\remotes\weapons\equipWeapon.ts", "TypeScript", 0, 0, 0, 3, 0, 0, 0, 0, 2, 5
"c:\Users\elled\Documents\GitHub\banning-simulator-x\src\shared\remotes\weapons\index.ts", "TypeScript", 0, 0, 0, 11, 0, 0, 0, 0, 3, 14
"c:\Users\elled\Documents\GitHub\banning-simulator-x\src\shared\remotes\weapons\purchaseWeapon.ts", "TypeScript", 0, 0, 0, 7, 0, 0, 0, 0, 2, 9
"c:\Users\elled\Documents\GitHub\banning-simulator-x\src\shared\remotes\weapons\unequipWeapon.ts", "TypeScript", 0, 0, 0, 3, 0, 0, 0, 0, 2, 5
"c:\Users\elled\Documents\GitHub\banning-simulator-x\src\shared\rodux\README.md", "Markdown", 0, 0, 0, 0, 0, 7, 0, 0, 7, 14
"c:\Users\elled\Documents\GitHub\banning-simulator-x\src\shared\rodux\accolade.ts", "TypeScript", 0, 0, 0, 21, 0, 0, 0, 6, 7, 34
"c:\Users\elled\Documents\GitHub\banning-simulator-x\src\shared\rodux\bans.ts", "TypeScript", 0, 0, 0, 15, 0, 0, 0, 2, 6, 23
"c:\Users\elled\Documents\GitHub\banning-simulator-x\src\shared\rodux\boosts.ts", "TypeScript", 0, 0, 0, 141, 0, 0, 0, 17, 22, 180
"c:\Users\elled\Documents\GitHub\banning-simulator-x\src\shared\rodux\currencies.ts", "TypeScript", 0, 0, 0, 124, 0, 0, 0, 19, 21, 164
"c:\Users\elled\Documents\GitHub\banning-simulator-x\src\shared\rodux\currentTalisman.ts", "TypeScript", 0, 0, 0, 34, 0, 0, 0, 11, 9, 54
"c:\Users\elled\Documents\GitHub\banning-simulator-x\src\shared\rodux\currentWeapon.ts", "TypeScript", 0, 0, 0, 61, 0, 0, 0, 12, 9, 82
"c:\Users\elled\Documents\GitHub\banning-simulator-x\src\shared\rodux\devProducts.ts", "TypeScript", 0, 0, 0, 20, 0, 0, 0, 7, 6, 33
"c:\Users\elled\Documents\GitHub\banning-simulator-x\src\shared\rodux\eggs.ts", "TypeScript", 0, 0, 0, 42, 0, 0, 0, 6, 9, 57
"c:\Users\elled\Documents\GitHub\banning-simulator-x\src\shared\rodux\experience.ts", "TypeScript", 0, 0, 0, 26, 0, 0, 0, 2, 5, 33
"c:\Users\elled\Documents\GitHub\banning-simulator-x\src\shared\rodux\gamepasses.ts", "TypeScript", 0, 0, 0, 36, 0, 0, 0, 7, 7, 50
"c:\Users\elled\Documents\GitHub\banning-simulator-x\src\shared\rodux\index.ts", "TypeScript", 0, 0, 0, 99, 0, 0, 0, 0, 5, 104
"c:\Users\elled\Documents\GitHub\banning-simulator-x\src\shared\rodux\media.ts", "TypeScript", 0, 0, 0, 56, 0, 0, 0, 24, 11, 91
"c:\Users\elled\Documents\GitHub\banning-simulator-x\src\shared\rodux\petMastery.ts", "TypeScript", 0, 0, 0, 148, 0, 0, 0, 13, 27, 188
"c:\Users\elled\Documents\GitHub\banning-simulator-x\src\shared\rodux\petTeams.ts", "TypeScript", 0, 0, 0, 112, 0, 0, 0, 26, 26, 164
"c:\Users\elled\Documents\GitHub\banning-simulator-x\src\shared\rodux\pets.ts", "TypeScript", 0, 0, 0, 242, 0, 0, 0, 73, 45, 360
"c:\Users\elled\Documents\GitHub\banning-simulator-x\src\shared\rodux\playerIndex.ts", "TypeScript", 0, 0, 0, 187, 0, 0, 0, 9, 29, 225
"c:\Users\elled\Documents\GitHub\banning-simulator-x\src\shared\rodux\quests.ts", "TypeScript", 0, 0, 0, 96, 0, 0, 0, 17, 11, 124
"c:\Users\elled\Documents\GitHub\banning-simulator-x\src\shared\rodux\rank.ts", "TypeScript", 0, 0, 0, 25, 0, 0, 0, 9, 6, 40
"c:\Users\elled\Documents\GitHub\banning-simulator-x\src\shared\rodux\settings.ts", "TypeScript", 0, 0, 0, 292, 0, 0, 0, 61, 51, 404
"c:\Users\elled\Documents\GitHub\banning-simulator-x\src\shared\rodux\spinWheel.ts", "TypeScript", 0, 0, 0, 54, 0, 0, 0, 14, 11, 79
"c:\Users\elled\Documents\GitHub\banning-simulator-x\src\shared\rodux\talismans.ts", "TypeScript", 0, 0, 0, 91, 0, 0, 0, 15, 20, 126
"c:\Users\elled\Documents\GitHub\banning-simulator-x\src\shared\rodux\tests\boosts.spec.ts", "TypeScript", 0, 0, 0, 178, 0, 0, 0, 1, 13, 192
"c:\Users\elled\Documents\GitHub\banning-simulator-x\src\shared\rodux\tests\currencies.spec.ts", "TypeScript", 0, 0, 0, 21, 0, 0, 0, 1, 8, 30
"c:\Users\elled\Documents\GitHub\banning-simulator-x\src\shared\rodux\tests\currentWeapon.spec.ts", "TypeScript", 0, 0, 0, 46, 0, 0, 0, 1, 12, 59
"c:\Users\elled\Documents\GitHub\banning-simulator-x\src\shared\rodux\tests\eggs.spec.ts", "TypeScript", 0, 0, 0, 42, 0, 0, 0, 1, 7, 50
"c:\Users\elled\Documents\GitHub\banning-simulator-x\src\shared\rodux\tests\quests.spec.ts", "TypeScript", 0, 0, 0, 90, 0, 0, 0, 1, 22, 113
"c:\Users\elled\Documents\GitHub\banning-simulator-x\src\shared\rodux\tests\rank.spec.ts", "TypeScript", 0, 0, 0, 12, 0, 0, 0, 1, 5, 18
"c:\Users\elled\Documents\GitHub\banning-simulator-x\src\shared\rodux\tests\settings.spec.ts", "TypeScript", 0, 0, 0, 130, 0, 0, 0, 4, 33, 167
"c:\Users\elled\Documents\GitHub\banning-simulator-x\src\shared\rodux\tests\testAction.ts", "TypeScript", 0, 0, 0, 14, 0, 0, 0, 12, 4, 30
"c:\Users\elled\Documents\GitHub\banning-simulator-x\src\shared\rodux\tests\title.spec.ts", "TypeScript", 0, 0, 0, 18, 0, 0, 0, 1, 9, 28
"c:\Users\elled\Documents\GitHub\banning-simulator-x\src\shared\rodux\tests\weapons.spec.ts", "TypeScript", 0, 0, 0, 55, 0, 0, 0, 1, 15, 71
"c:\Users\elled\Documents\GitHub\banning-simulator-x\src\shared\rodux\title.ts", "TypeScript", 0, 0, 0, 16, 0, 0, 0, 8, 5, 29
"c:\Users\elled\Documents\GitHub\banning-simulator-x\src\shared\rodux\weapons.ts", "TypeScript", 0, 0, 0, 79, 0, 0, 0, 15, 24, 118
"c:\Users\elled\Documents\GitHub\banning-simulator-x\src\shared\rodux\worlds.ts", "TypeScript", 0, 0, 0, 63, 0, 0, 0, 20, 12, 95
"c:\Users\elled\Documents\GitHub\banning-simulator-x\src\shared\testRunner.ts", "TypeScript", 0, 0, 0, 5, 0, 0, 0, 0, 2, 7
"c:\Users\elled\Documents\GitHub\banning-simulator-x\src\shared\util\canPurchaseZone.ts", "TypeScript", 0, 0, 0, 62, 0, 0, 0, 11, 10, 83
"c:\Users\elled\Documents\GitHub\banning-simulator-x\src\shared\util\getAccolade.ts", "TypeScript", 0, 0, 0, 6, 0, 0, 0, 6, 3, 15
"c:\Users\elled\Documents\GitHub\banning-simulator-x\src\shared\util\getBanningMastery.ts", "TypeScript", 0, 0, 0, 15, 0, 0, 0, 6, 4, 25
"c:\Users\elled\Documents\GitHub\banning-simulator-x\src\shared\util\getBoostMastery.ts", "TypeScript", 0, 0, 0, 15, 0, 0, 0, 6, 4, 25
"c:\Users\elled\Documents\GitHub\banning-simulator-x\src\shared\util\getDistanceFromObject.ts", "TypeScript", 0, 0, 0, 13, 0, 0, 0, 7, 3, 23
"c:\Users\elled\Documents\GitHub\banning-simulator-x\src\shared\util\getEggCost.ts", "TypeScript", 0, 0, 0, 47, 0, 0, 0, 7, 10, 64
"c:\Users\elled\Documents\GitHub\banning-simulator-x\src\shared\util\getEggData.ts", "TypeScript", 0, 0, 0, 4, 0, 0, 0, 4, 2, 10
"c:\Users\elled\Documents\GitHub\banning-simulator-x\src\shared\util\getEggFromPetId.ts", "TypeScript", 0, 0, 0, 12, 0, 0, 0, 6, 5, 23
"c:\Users\elled\Documents\GitHub\banning-simulator-x\src\shared\util\getEggsMastery.ts", "TypeScript", 0, 0, 0, 15, 0, 0, 0, 6, 4, 25
"c:\Users\elled\Documents\GitHub\banning-simulator-x\src\shared\util\getItemById.ts", "TypeScript", 0, 0, 0, 3, 0, 0, 0, 7, 1, 11
"c:\Users\elled\Documents\GitHub\banning-simulator-x\src\shared\util\getMaxPetEquip.ts", "TypeScript", 0, 0, 0, 12, 0, 0, 0, 6, 4, 22
"c:\Users\elled\Documents\GitHub\banning-simulator-x\src\shared\util\getNpcByName.ts", "TypeScript", 0, 0, 0, 13, 0, 0, 0, 4, 3, 20
"c:\Users\elled\Documents\GitHub\banning-simulator-x\src\shared\util\getOrSetDefault.ts", "TypeScript", 0, 0, 0, 8, 0, 0, 0, 8, 1, 17
"c:\Users\elled\Documents\GitHub\banning-simulator-x\src\shared\util\getPetData.ts", "TypeScript", 0, 0, 0, 17, 0, 0, 0, 6, 5, 28
"c:\Users\elled\Documents\GitHub\banning-simulator-x\src\shared\util\getPetExperienceMastery.ts", "TypeScript", 0, 0, 0, 21, 0, 0, 0, 6, 5, 32
"c:\Users\elled\Documents\GitHub\banning-simulator-x\src\shared\util\getPetInventorySize.ts", "TypeScript", 0, 0, 0, 15, 0, 0, 0, 6, 6, 27
"c:\Users\elled\Documents\GitHub\banning-simulator-x\src\shared\util\getPetLevel.ts", "TypeScript", 0, 0, 0, 13, 0, 0, 0, 6, 4, 23
"c:\Users\elled\Documents\GitHub\banning-simulator-x\src\shared\util\getPetStrength.ts", "TypeScript", 0, 0, 0, 13, 0, 0, 0, 6, 6, 25
"c:\Users\elled\Documents\GitHub\banning-simulator-x\src\shared\util\getTalismanDamage.ts", "TypeScript", 0, 0, 0, 21, 0, 0, 0, 7, 5, 33
"c:\Users\elled\Documents\GitHub\banning-simulator-x\src\shared\util\getTalismanData.ts", "TypeScript", 0, 0, 0, 13, 0, 0, 0, 6, 3, 22
"c:\Users\elled\Documents\GitHub\banning-simulator-x\src\shared\util\getWeaponDamage.ts", "TypeScript", 0, 0, 0, 8, 0, 0, 0, 6, 5, 19
"c:\Users\elled\Documents\GitHub\banning-simulator-x\src\shared\util\getWeaponInfo.ts", "TypeScript", 0, 0, 0, 11, 0, 0, 0, 6, 4, 21
"c:\Users\elled\Documents\GitHub\banning-simulator-x\src\shared\util\getWeaponLevel.ts", "TypeScript", 0, 0, 0, 13, 0, 0, 0, 6, 5, 24
"c:\Users\elled\Documents\GitHub\banning-simulator-x\src\shared\util\getZoneData.ts", "TypeScript", 0, 0, 0, 17, 0, 0, 0, 5, 5, 27
"c:\Users\elled\Documents\GitHub\banning-simulator-x\src\shared\util\getZoneDataById.ts", "TypeScript", 0, 0, 0, 14, 0, 0, 0, 7, 5, 26
"c:\Users\elled\Documents\GitHub\banning-simulator-x\src\shared\util\isValidWorld.ts", "TypeScript", 0, 0, 0, 4, 0, 0, 0, 6, 2, 12
"c:\Users\elled\Documents\GitHub\banning-simulator-x\src\shared\util\isValidZone.ts", "TypeScript", 0, 0, 0, 8, 0, 0, 0, 6, 2, 16
"c:\Users\elled\Documents\GitHub\banning-simulator-x\src\shared\util\manualUtil\auto-gen-assets-d-ts.lua", "Lua", 0, 0, 0, 0, 0, 0, 31, 3, 6, 40
"c:\Users\elled\Documents\GitHub\banning-simulator-x\src\shared\util\manualUtil\setAssetIds.ts", "TypeScript", 0, 0, 0, 29, 0, 0, 0, 5, 4, 38
"c:\Users\elled\Documents\GitHub\banning-simulator-x\src\shared\util\preserveWithConstraint.ts", "TypeScript", 0, 0, 0, 5, 0, 0, 0, 5, 1, 11
"c:\Users\elled\Documents\GitHub\banning-simulator-x\src\shared\util\setAssetProperties.ts", "TypeScript", 0, 0, 0, 106, 0, 0, 0, 7, 31, 144
"c:\Users\elled\Documents\GitHub\banning-simulator-x\src\shared\util\twoDpAbbreviator.ts", "TypeScript", 0, 0, 0, 4, 0, 0, 0, 0, 3, 7
"c:\Users\elled\Documents\GitHub\banning-simulator-x\src\shared\util\unreachableCaseError.ts", "TypeScript", 0, 0, 0, 5, 0, 0, 0, 6, 1, 12
"c:\Users\elled\Documents\GitHub\banning-simulator-x\src\shared\util\verifyDiscordTag.ts", "TypeScript", 0, 0, 0, 30, 0, 0, 0, 6, 6, 42
"c:\Users\elled\Documents\GitHub\banning-simulator-x\src\shared\util\weldObject.ts", "TypeScript", 0, 0, 0, 31, 0, 0, 0, 6, 9, 46
"c:\Users\elled\Documents\GitHub\banning-simulator-x\src\shared\util\withinDistanceToHatch.ts", "TypeScript", 0, 0, 0, 14, 0, 0, 0, 7, 6, 27
"c:\Users\elled\Documents\GitHub\banning-simulator-x\tsconfig.json", "JSON with Comments", 0, 23, 0, 0, 0, 0, 0, 2, 2, 27
"Total", "-", 3791, 23, 21647, 14546, 17, 19, 1427, 3391, 5084, 49945